system,entry_time,exit_time,side,entry_price,exit_price,pnl,reason
Layer I,2026-03-19 00:35:00,2026-03-19 01:00:00,SHORT,24906.0,24917.0,-220.0,signal_invalidated
OTE+BOS,2026-03-19 02:20:00,2026-03-19 02:45:00,SHORT,24908.5,24879.11,587.86,be_stop
Layer I,2026-03-19 03:35:00,2026-03-19 03:50:00,SHORT,24827.25,24859.23,-639.64,stop
Layer I,2026-03-19 06:35:00,2026-03-19 06:45:00,SHORT,24812.5,24813.75,-25.0,signal_invalidated
Layer I,2026-03-20 00:05:00,2026-03-20 00:15:00,SHORT,24872.5,24882.5,-200.0,stop
OTE+BOS,2026-03-20 01:15:00,2026-03-20 01:50:00,SHORT,24878.25,24829.45,975.92,target
Layer I,2026-03-20 01:30:00,2026-03-20 01:50:00,SHORT,24868.0,24835.5,650.0,target
Layer I,2026-03-20 02:00:00,2026-03-20 02:10:00,SHORT,24793.5,24811.29,-355.71,stop
Layer I,2026-03-20 04:15:00,2026-03-20 04:40:00,SHORT,24817.0,24784.5,650.0,target
OTE+BOS,2026-03-20 04:30:00,2026-03-20 04:40:00,LONG,24811.75,24782.88,-577.5,stop
Layer I,2026-03-20 04:50:00,2026-03-20 05:00:00,SHORT,24714.25,24681.75,650.0,target
Layer I,2026-03-20 05:20:00,2026-03-20 05:30:00,SHORT,24648.25,24682.91,-693.21,stop
Layer I,2026-03-22 18:50:00,2026-03-22 18:55:00,SHORT,24280.5,24305.84,-506.79,stop
Layer I,2026-03-22 21:45:00,2026-03-22 22:00:00,SHORT,24302.75,24325.09,-446.79,stop
Layer I,2026-03-22 22:20:00,2026-03-22 22:55:00,SHORT,24289.5,24257.0,650.0,target
Layer I,2026-03-22 23:05:00,2026-03-22 23:15:00,SHORT,24258.75,24278.5,-395.0,stop
Layer I,2026-03-23 00:45:00,2026-03-23 00:55:00,SHORT,24247.5,24271.64,-482.86,stop
Layer I,2026-03-23 01:15:00,2026-03-23 01:35:00,SHORT,24231.5,24199.0,650.0,target
Layer I,2026-03-23 01:45:00,2026-03-23 01:55:00,SHORT,24175.25,24142.75,650.0,target
Layer I,2026-03-23 02:05:00,2026-03-23 02:10:00,SHORT,24184.5,24213.05,-571.07,stop
Layer I,2026-03-23 04:45:00,2026-03-23 05:05:00,SHORT,24173.5,24207.0,-670.0,stop
Layer I,2026-03-23 05:30:00,2026-03-23 05:40:00,SHORT,24165.75,24157.0,175.0,signal_invalidated
OTE+BOS,2026-03-23 19:00:00,2026-03-23 19:15:00,SHORT,24699.75,24623.42,1526.61,target
Layer I,2026-03-24 00:05:00,2026-03-24 00:10:00,SHORT,24511.25,24529.11,-357.14,stop
Layer I,2026-03-24 01:20:00,2026-03-24 01:35:00,LONG,24620.75,24653.25,650.0,target
Layer I,2026-03-24 01:45:00,2026-03-24 01:50:00,LONG,24662.0,24694.5,650.0,target
Layer I,2026-03-24 02:00:00,2026-03-24 02:05:00,LONG,24708.5,24741.0,650.0,target
Layer I,2026-03-24 02:15:00,2026-03-24 02:30:00,LONG,24784.0,24753.16,-616.79,stop
Layer I,2026-03-24 03:10:00,2026-03-24 03:15:00,LONG,24775.5,24745.54,-599.29,stop
Layer I,2026-03-25 02:45:00,2026-03-25 03:00:00,LONG,24718.25,24750.75,650.0,target
Layer I,2026-03-25 03:10:00,2026-03-25 03:20:00,LONG,24799.5,24812.0,250.0,be_stop
Layer I,2026-03-25 03:40:00,2026-03-25 03:50:00,LONG,24791.5,24761.54,-599.29,stop
Layer I,2026-03-25 06:35:00,2026-03-25 06:45:00,LONG,24815.25,24793.96,-425.71,stop
OTE+BOS,2026-03-25 06:50:00,2026-03-25 07:15:00,LONG,24778.75,24813.91,703.21,be_stop
Layer I,2026-03-25 07:05:00,2026-03-25 07:15:00,LONG,24826.25,24798.16,-561.79,stop
OTE+BOS,2026-03-25 21:15:00,2026-03-25 21:30:00,SHORT,24650.0,24587.01,1259.85,target
Layer I,2026-03-26 00:05:00,2026-03-26 00:25:00,SHORT,24605.5,24573.0,650.0,target
Layer I,2026-03-26 00:35:00,2026-03-26 01:00:00,SHORT,24584.75,24566.29,369.11,be_stop
Layer I,2026-03-26 01:20:00,2026-03-26 01:25:00,SHORT,24550.25,24569.75,-390.0,stop
Layer I,2026-03-26 03:15:00,2026-03-26 03:45:00,SHORT,24505.75,24493.25,250.0,be_stop
Layer I,2026-03-26 04:05:00,2026-03-26 04:30:00,SHORT,24476.75,24444.25,650.0,target
Layer I,2026-03-26 04:40:00,2026-03-26 04:55:00,SHORT,24442.5,24456.5,-280.0,signal_invalidated
OTE+BOS,2026-03-26 19:15:00,2026-03-26 19:30:00,SHORT,24163.0,24150.5,250.0,be_stop
Layer I,2026-03-27 00:05:00,2026-03-27 00:15:00,LONG,24243.75,24276.25,650.0,target
Layer I,2026-03-27 00:25:00,2026-03-27 00:45:00,LONG,24242.0,24237.0,-100.0,signal_invalidated
OTE+BOS,2026-03-27 03:00:00,2026-03-27 03:10:00,SHORT,24159.75,24147.25,250.0,be_stop
Layer I,2026-03-27 03:05:00,2026-03-27 03:25:00,SHORT,24131.5,24099.0,650.0,target
Layer I,2026-03-27 03:35:00,2026-03-27 04:05:00,SHORT,24084.5,24052.0,650.0,target
Layer I,2026-03-27 04:15:00,2026-03-27 04:30:00,SHORT,24068.5,24100.5,-640.0,stop
Layer I,2026-03-27 05:30:00,2026-03-27 05:35:00,SHORT,24023.5,23991.0,650.0,target
OTE+BOS,2026-03-27 08:30:00,2026-03-27 08:35:00,SHORT,23865.5,23899.95,-688.93,stop
Layer I,2026-03-29 17:05:00,2026-03-29 17:10:00,SHORT,23464.5,23495.09,-611.79,stop
Layer I,2026-03-29 18:35:00,2026-03-29 18:50:00,SHORT,23458.5,23426.0,650.0,target
Layer I,2026-03-29 19:00:00,2026-03-29 19:05:00,SHORT,23404.75,23434.36,-592.14,stop
Layer I,2026-03-29 21:50:00,2026-03-29 22:05:00,LONG,23553.5,23586.0,650.0,target
Layer I,2026-03-29 22:15:00,2026-03-29 23:25:00,LONG,23597.25,23629.75,650.0,target
Layer I,2026-03-29 23:35:00,2026-03-29 23:45:00,LONG,23637.0,23620.41,-331.79,stop
Layer I,2026-03-30 00:05:00,2026-03-30 00:10:00,LONG,23654.25,23637.27,-339.64,stop
Layer I,2026-03-30 01:00:00,2026-03-30 01:15:00,LONG,23664.0,23663.0,-20.0,signal_invalidated
Layer I,2026-03-30 01:35:00,2026-03-30 01:50:00,LONG,23683.75,23716.25,650.0,target
Layer I,2026-03-30 02:10:00,2026-03-30 02:15:00,LONG,23691.75,23685.25,-130.0,signal_invalidated
OTE+BOS,2026-03-30 03:00:00,2026-03-30 03:45:00,LONG,23705.5,23724.12,372.32,be_stop
Layer I,2026-03-30 03:15:00,2026-03-30 04:15:00,LONG,23726.5,23703.86,-452.86,stop
Layer I,2026-03-30 06:10:00,2026-03-30 06:15:00,LONG,23732.0,23764.5,650.0,target
Layer I,2026-03-31 01:55:00,2026-03-31 02:10:00,SHORT,23593.5,23561.0,650.0,target
Layer I,2026-03-31 03:20:00,2026-03-31 03:25:00,LONG,23639.5,23629.0,-210.0,signal_invalidated
Layer I,2026-03-31 14:00:00,2026-03-31 14:05:00,LONG,24170.5,24135.66,-696.79,stop
Layer I,2026-03-31 14:25:00,2026-03-31 14:35:00,LONG,24184.25,24216.75,650.0,target
Layer I,2026-03-31 14:45:00,2026-03-31 14:50:00,LONG,24239.75,24209.59,-603.21,stop
Layer I,2026-03-31 18:30:00,2026-03-31 18:55:00,LONG,24297.5,24330.0,650.0,target
Layer I,2026-04-01 00:20:00,2026-04-01 00:35:00,LONG,24355.5,24342.62,-257.5,stop
Layer I,2026-04-01 00:55:00,2026-04-01 01:00:00,LONG,24342.75,24342.5,-5.0,signal_invalidated
Layer I,2026-04-01 01:15:00,2026-04-01 01:25:00,LONG,24395.75,24428.25,650.0,target
Layer I,2026-04-01 01:35:00,2026-04-01 02:15:00,LONG,24454.5,24445.5,-180.0,signal_invalidated
Layer I,2026-04-01 06:50:00,2026-04-01 07:10:00,LONG,24490.5,24469.2,-426.07,stop
Layer I,2026-04-01 10:50:00,2026-04-01 11:35:00,LONG,24602.5,24612.75,205.0,signal_invalidated
OTE+BOS,2026-04-01 19:30:00,2026-04-01 19:50:00,LONG,24478.5,24512.61,682.14,be_stop
OTE+BOS,2026-04-01 20:00:00,2026-04-01 20:10:00,SHORT,24451.25,24483.55,-646.07,stop
Layer I,2026-04-02 00:40:00,2026-04-02 01:00:00,SHORT,24083.25,24070.75,250.0,be_stop
Layer I,2026-04-02 06:15:00,2026-04-02 06:35:00,SHORT,24046.5,24014.0,650.0,target
Layer I,2026-04-02 06:45:00,2026-04-02 06:55:00,SHORT,24016.25,23983.75,650.0,target
Layer I,2026-04-02 07:05:00,2026-04-02 07:20:00,SHORT,23985.0,24009.8,-496.07,stop
Layer I,2026-04-02 15:05:00,2026-04-02 15:25:00,LONG,24502.5,24535.0,650.0,target
Layer I,2026-04-02 15:35:00,2026-04-02 15:40:00,LONG,24511.75,24516.0,85.0,signal_invalidated
Layer I,2026-04-03 01:35:00,2026-04-03 01:45:00,SHORT,24453.75,24462.86,-182.14,stop
Layer I,2026-04-03 02:05:00,2026-04-03 02:15:00,SHORT,24425.75,24437.12,-227.5,stop
Layer I,2026-04-03 04:15:00,2026-04-03 04:30:00,SHORT,24448.25,24447.25,20.0,signal_invalidated
Layer I,2026-04-03 05:40:00,2026-04-03 05:45:00,SHORT,24438.25,24443.5,-105.0,signal_invalidated
Layer I,2026-04-05 20:05:00,2026-04-05 20:45:00,LONG,24520.75,24506.0,-295.0,signal_invalidated
Layer I,2026-04-05 21:15:00,2026-04-05 21:20:00,LONG,24595.25,24627.75,650.0,target
Layer I,2026-04-05 21:30:00,2026-04-05 21:40:00,LONG,24605.0,24578.11,-537.86,stop
Layer I,2026-04-05 23:30:00,2026-04-06 00:30:00,LONG,24546.25,24546.0,-5.0,signal_invalidated
OTE+BOS,2026-04-06 01:05:00,2026-04-06 01:15:00,LONG,24548.5,24561.0,250.0,be_stop
Layer I,2026-04-06 02:40:00,2026-04-06 02:50:00,LONG,24577.0,24609.5,650.0,target
Layer I,2026-04-06 03:00:00,2026-04-06 03:30:00,LONG,24636.25,24668.75,650.0,target
Layer I,2026-04-06 03:40:00,2026-04-06 03:50:00,LONG,24690.5,24667.07,-468.57,stop
Layer I,2026-04-06 04:10:00,2026-04-06 04:20:00,LONG,24680.5,24677.5,-60.0,signal_invalidated
Layer I,2026-04-06 04:35:00,2026-04-06 04:40:00,LONG,24680.5,24672.25,-165.0,signal_invalidated
OTE+BOS,2026-04-06 17:15:00,2026-04-06 17:20:00,SHORT,24668.5,24626.11,847.82,target
OTE+BOS,2026-04-06 19:30:00,2026-04-06 20:10:00,SHORT,24618.75,24552.65,1321.92,target
Layer I,2026-04-07 01:50:00,2026-04-07 02:15:00,LONG,24537.0,24531.25,-115.0,signal_invalidated
OTE+BOS,2026-04-07 03:00:00,2026-04-07 03:20:00,LONG,24577.5,24670.27,1855.44,target
Layer I,2026-04-07 03:00:00,2026-04-07 03:10:00,LONG,24577.5,24610.0,650.0,target
Layer I,2026-04-07 03:20:00,2026-04-07 04:10:00,LONG,24657.25,24689.75,650.0,target
Layer I,2026-04-07 04:20:00,2026-04-07 04:40:00,LONG,24696.5,24688.0,-170.0,signal_invalidated
Layer I,2026-04-07 06:50:00,2026-04-07 07:05:00,SHORT,24510.5,24478.0,650.0,target
Layer I,2026-04-07 19:50:00,2026-04-07 20:20:00,LONG,25393.25,25359.91,-666.79,stop
OTE+BOS,2026-04-07 23:00:00,2026-04-07 23:15:00,LONG,25417.25,25454.49,744.82,target
OTE+BOS,2026-04-08 00:15:00,2026-04-08 00:35:00,LONG,25435.0,25455.59,411.79,be_stop
Layer I,2026-04-08 00:30:00,2026-04-08 00:35:00,LONG,25462.5,25448.84,-273.21,stop
Layer I,2026-04-08 00:55:00,2026-04-08 01:20:00,LONG,25493.75,25476.14,-352.14,stop
Layer I,2026-04-08 03:45:00,2026-04-08 03:55:00,LONG,25488.75,25521.25,650.0,target
OTE+BOS,2026-04-08 03:45:00,2026-04-08 04:15:00,LONG,25488.75,25528.54,795.71,be_stop
Layer I,2026-04-08 04:05:00,2026-04-08 04:40:00,LONG,25519.75,25497.46,-445.71,stop
OTE+BOS,2026-04-08 08:30:00,2026-04-08 08:45:00,SHORT,25465.0,25416.35,973.04,be_stop
Layer I,2026-04-08 08:40:00,2026-04-08 08:45:00,SHORT,25401.0,25435.95,-698.93,stop
Layer I,2026-04-08 12:45:00,2026-04-08 13:00:00,SHORT,25389.75,25410.8,-421.07,stop
Layer I,2026-04-09 00:30:00,2026-04-09 00:50:00,LONG,25333.0,25325.25,-155.0,signal_invalidated
Layer I,2026-04-09 01:00:00,2026-04-09 01:05:00,LONG,25353.0,25340.12,-257.5,stop
Layer I,2026-04-09 02:35:00,2026-04-09 02:45:00,SHORT,25300.25,25267.75,650.0,target
Layer I,2026-04-09 02:55:00,2026-04-09 03:20:00,SHORT,25286.5,25271.68,296.43,be_stop
Layer I,2026-04-09 07:05:00,2026-04-09 07:20:00,LONG,25347.75,25332.95,-296.07,stop
Layer I,2026-04-09 08:40:00,2026-04-09 08:45:00,LONG,25401.5,25369.39,-642.14,stop
OTE+BOS,2026-04-09 10:20:00,2026-04-09 10:30:00,SHORT,25391.25,25378.75,250.0,be_stop
Layer I,2026-04-10 01:15:00,2026-04-10 02:20:00,SHORT,25541.75,25540.5,25.0,signal_invalidated
OTE+BOS,2026-04-10 03:00:00,2026-04-10 04:15:00,SHORT,25530.0,25542.89,-257.86,stop
Layer I,2026-04-10 03:15:00,2026-04-10 03:25:00,SHORT,25514.5,25528.48,-279.64,stop
Layer I,2026-04-10 04:05:00,2026-04-10 04:15:00,SHORT,25507.75,25520.41,-253.21,stop
Layer I,2026-04-10 05:35:00,2026-04-10 06:10:00,LONG,25563.0,25575.5,250.0,be_stop
Layer I,2026-04-10 06:30:00,2026-04-10 06:40:00,LONG,25595.0,25582.55,-248.93,stop
Layer I,2026-04-10 10:10:00,2026-04-10 10:25:00,LONG,25671.25,25649.5,-435.0,signal_invalidated
OTE+BOS,2026-04-10 10:40:00,2026-04-10 10:55:00,LONG,25605.0,25572.91,-641.79,stop
Layer I,2026-04-12 18:20:00,2026-04-12 18:50:00,SHORT,25239.75,25260.61,-417.14,stop
Layer I,2026-04-13 00:00:00,2026-04-13 00:10:00,LONG,25380.25,25369.43,-216.43,stop
Layer I,2026-04-13 01:15:00,2026-04-13 02:20:00,LONG,25405.75,25393.09,-253.21,stop
Layer I,2026-04-13 05:55:00,2026-04-13 06:00:00,LONG,25458.25,25490.75,650.0,target
Layer I,2026-04-13 06:10:00,2026-04-13 06:15:00,LONG,25463.75,25449.66,-281.79,stop
OTE+BOS,2026-04-13 06:40:00,2026-04-13 06:50:00,LONG,25424.25,25405.82,-368.57,stop
Layer I,2026-04-13 07:45:00,2026-04-13 08:20:00,LONG,25469.0,25501.5,650.0,target
OTE+BOS,2026-04-13 07:55:00,2026-04-13 08:15:00,SHORT,25470.25,25487.57,-346.43,stop
Layer I,2026-04-13 08:30:00,2026-04-13 08:35:00,LONG,25522.5,25502.18,-406.43,stop
OTE+BOS,2026-04-13 11:15:00,2026-04-13 11:30:00,LONG,25630.0,25672.38,847.5,be_stop
Layer I,2026-04-14 00:05:00,2026-04-14 00:15:00,LONG,25894.25,25895.25,20.0,signal_invalidated
Layer I,2026-04-14 00:35:00,2026-04-14 00:40:00,SHORT,25875.25,25881.5,-125.0,stop
Layer I,2026-04-14 01:00:00,2026-04-14 01:35:00,SHORT,25879.0,25885.91,-138.21,stop
OTE+BOS,2026-04-14 01:45:00,2026-04-14 02:00:00,SHORT,25884.0,25892.5,-170.0,stop
OTE+BOS,2026-04-14 02:00:00,2026-04-14 02:10:00,LONG,25908.25,25920.75,250.0,be_stop
Layer I,2026-04-14 02:20:00,2026-04-14 02:50:00,LONG,25914.5,25914.5,0.0,signal_invalidated
Layer I,2026-04-14 03:00:00,2026-04-14 03:15:00,LONG,25927.0,25934.0,140.0,signal_invalidated
Layer I,2026-04-14 03:25:00,2026-04-14 04:15:00,LONG,25946.25,25965.28,380.54,be_stop
OTE+BOS,2026-04-14 08:30:00,2026-04-14 08:45:00,LONG,26020.0,26032.5,250.0,be_stop
Layer I,2026-04-15 00:05:00,2026-04-15 00:10:00,SHORT,26312.0,26321.75,-195.0,stop
Layer I,2026-04-15 00:30:00,2026-04-15 01:20:00,SHORT,26285.5,26278.75,135.0,signal_invalidated
Layer I,2026-04-15 03:50:00,2026-04-15 04:00:00,LONG,26333.5,26320.75,-255.0,stop
Layer I,2026-04-15 05:35:00,2026-04-15 05:40:00,SHORT,26254.25,26270.62,-327.5,stop
OTE+BOS,2026-04-15 06:55:00,2026-04-15 07:20:00,SHORT,26299.75,26282.77,339.64,be_stop
Layer I,2026-04-15 08:35:00,2026-04-15 08:40:00,LONG,26353.0,26332.86,-402.86,stop
OTE+BOS,2026-04-15 08:45:00,2026-04-15 09:00:00,LONG,26338.75,26351.25,250.0,be_stop
Layer I,2026-04-16 01:05:00,2026-04-16 01:20:00,LONG,26780.25,26768.71,-230.71,stop
Layer I,2026-04-16 01:40:00,2026-04-16 02:05:00,LONG,26778.25,26766.82,-228.57,stop
Layer I,2026-04-16 05:30:00,2026-04-16 05:45:00,SHORT,26710.5,26678.0,650.0,target
Layer I,2026-04-16 05:55:00,2026-04-16 06:05:00,SHORT,26707.5,26723.04,-310.71,stop
Layer I,2026-04-16 10:20:00,2026-04-16 10:30:00,LONG,26791.0,26758.07,-658.57,stop
Layer I,2026-04-16 11:00:00,2026-04-16 11:30:00,LONG,26841.5,26806.68,-696.43,stop
OTE+BOS,2026-04-16 13:00:00,2026-04-16 13:30:00,SHORT,26746.5,26688.86,1152.86,be_stop
OTE+BOS,2026-04-16 19:35:00,2026-04-16 22:20:00,SHORT,26788.5,26763.2,506.07,be_stop
OTE+BOS,2026-04-16 23:25:00,2026-04-17 00:00:00,SHORT,26777.25,26754.34,458.25,target
Layer I,2026-04-17 00:20:00,2026-04-17 00:40:00,SHORT,26757.25,26765.89,-172.86,stop
Layer I,2026-04-17 02:45:00,2026-04-17 03:40:00,LONG,26781.75,26814.25,650.0,target
Layer I,2026-04-17 03:50:00,2026-04-17 04:15:00,LONG,26820.5,26810.27,-204.64,stop
Layer I,2026-04-17 04:50:00,2026-04-17 05:25:00,LONG,26833.75,26822.75,-220.0,stop
Layer I,2026-04-17 06:30:00,2026-04-17 06:40:00,LONG,26852.5,26842.2,-206.07,stop
Layer I,2026-04-19 19:05:00,2026-04-19 19:15:00,SHORT,26927.0,26945.52,-370.36,stop
Layer I,2026-04-20 00:25:00,2026-04-20 00:40:00,SHORT,26949.75,26917.25,650.0,target
Layer I,2026-04-20 00:50:00,2026-04-20 01:00:00,SHORT,26937.75,26951.62,-277.5,stop
Layer I,2026-04-20 03:10:00,2026-04-20 03:15:00,SHORT,26947.75,26950.75,-60.0,signal_invalidated
OTE+BOS,2026-04-20 03:10:00,2026-04-20 04:10:00,LONG,26947.75,26994.32,931.43,be_stop
Layer I,2026-04-20 03:55:00,2026-04-20 04:55:00,LONG,26997.25,26995.75,-30.0,signal_invalidated
OTE+BOS,2026-04-20 15:30:00,2026-04-20 17:00:00,LONG,27086.25,27069.2,-341.07,stop
OTE+BOS,2026-04-20 23:25:00,2026-04-20 23:35:00,SHORT,27125.5,27132.2,-133.93,stop
Layer I,2026-04-21 00:05:00,2026-04-21 00:30:00,LONG,27140.25,27133.55,-133.93,stop
Layer I,2026-04-21 01:45:00,2026-04-21 01:50:00,LONG,27150.5,27149.25,-25.0,signal_invalidated
OTE+BOS,2026-04-21 03:50:00,2026-04-21 04:15:00,SHORT,27147.0,27124.39,452.14,be_stop
Layer I,2026-04-21 05:35:00,2026-04-21 06:05:00,LONG,27161.75,27152.07,-193.57,stop
Layer I,2026-04-22 00:05:00,2026-04-22 00:15:00,SHORT,27091.75,27102.36,-212.14,stop
Layer I,2026-04-22 02:10:00,2026-04-22 02:15:00,LONG,27146.25,27134.8,-228.93,stop
Layer I,2026-04-22 02:35:00,2026-04-22 02:55:00,LONG,27150.75,27146.25,-90.0,signal_invalidated
OTE+BOS,2026-04-22 12:00:00,2026-04-22 12:45:00,LONG,27300.0,27329.83,596.61,be_stop
OTE+BOS,2026-04-22 19:05:00,2026-04-22 19:10:00,SHORT,27347.25,27312.32,698.6,target
Layer I,2026-04-23 01:35:00,2026-04-23 01:55:00,LONG,27298.0,27284.23,-275.36,stop
Layer I,2026-04-23 07:05:00,2026-04-23 07:15:00,LONG,27370.75,27344.3,-528.93,stop
Layer I,2026-04-23 10:15:00,2026-04-23 10:45:00,LONG,27439.25,27405.98,-665.36,stop
OTE+BOS,2026-04-23 12:00:00,2026-04-23 12:15:00,SHORT,27316.0,27195.17,2416.69,target
OTE+BOS,2026-04-24 02:00:00,2026-04-24 02:35:00,LONG,27396.5,27384.57,-238.57,stop
Layer I,2026-04-24 05:05:00,2026-04-24 05:15:00,LONG,27425.0,27457.5,650.0,target
Layer I,2026-04-24 05:25:00,2026-04-24 06:00:00,LONG,27484.5,27517.0,650.0,target
Layer I,2026-04-24 06:10:00,2026-04-24 06:20:00,LONG,27581.75,27614.25,650.0,target
Layer I,2026-04-24 06:30:00,2026-04-24 06:40:00,LONG,27636.5,27603.7,-656.07,stop
Layer I,2026-04-24 10:35:00,2026-04-24 10:40:00,LONG,27615.75,27648.25,650.0,target
Layer I,2026-04-24 11:00:00,2026-04-24 11:30:00,LONG,27695.0,27727.5,650.0,target
Layer I,2026-04-26 17:35:00,2026-04-26 17:45:00,SHORT,27678.25,27685.25,-140.0,signal_invalidated
Layer I,2026-04-26 20:05:00,2026-04-26 20:30:00,LONG,27767.5,27800.0,650.0,target
Layer I,2026-04-26 20:40:00,2026-04-26 21:25:00,LONG,27816.25,27824.0,155.0,signal_invalidated
OTE+BOS,2026-04-27 00:00:00,2026-04-27 00:25:00,SHORT,27802.5,27764.2,765.95,target
Layer I,2026-04-27 00:35:00,2026-04-27 01:45:00,SHORT,27754.0,27748.0,120.0,signal_invalidated
Layer I,2026-04-27 01:55:00,2026-04-27 03:05:00,SHORT,27735.5,27703.0,650.0,target
Layer I,2026-04-27 06:05:00,2026-04-27 06:45:00,LONG,27787.75,27787.25,-10.0,signal_invalidated
Layer I,2026-04-27 08:20:00,2026-04-27 08:30:00,SHORT,27715.25,27682.75,650.0,target
Layer I,2026-04-27 13:25:00,2026-04-27 13:30:00,LONG,27730.0,27725.75,-85.0,signal_invalidated
Layer I,2026-04-27 14:50:00,2026-04-27 15:05:00,LONG,27740.25,27723.45,-336.07,stop
OTE+BOS,2026-04-27 17:00:00,2026-04-27 17:05:00,LONG,27739.25,27786.59,946.87,target
OTE+BOS,2026-04-27 19:15:00,2026-04-27 20:20:00,SHORT,27787.25,27764.79,449.29,be_stop
OTE+BOS,2026-04-28 00:00:00,2026-04-28 00:10:00,SHORT,27712.5,27679.49,660.3,target
Layer I,2026-04-28 00:10:00,2026-04-28 00:35:00,SHORT,27689.0,27656.5,650.0,target
Layer I,2026-04-28 00:45:00,2026-04-28 01:10:00,SHORT,27664.0,27678.07,-281.43,stop
Layer I,2026-04-28 01:40:00,2026-04-28 02:25:00,SHORT,27636.5,27629.75,135.0,signal_invalidated
Layer I,2026-04-28 04:30:00,2026-04-28 04:45:00,SHORT,27595.25,27562.75,650.0,target
Layer I,2026-04-28 04:55:00,2026-04-28 05:15:00,SHORT,27585.75,27553.25,650.0,target
Layer I,2026-04-28 05:25:00,2026-04-28 05:55:00,SHORT,27571.5,27563.5,160.0,signal_invalidated
Layer I,2026-04-29 02:35:00,2026-04-29 02:45:00,SHORT,27554.5,27522.0,650.0,target
Layer I,2026-04-29 02:55:00,2026-04-29 03:00:00,SHORT,27539.25,27557.39,-362.86,stop
Layer I,2026-04-29 03:35:00,2026-04-29 03:40:00,SHORT,27518.25,27540.39,-442.86,stop
Layer I,2026-04-29 18:10:00,2026-04-29 18:20:00,LONG,27777.5,27760.25,-345.0,signal_invalidated
OTE+BOS,2026-04-29 18:30:00,2026-04-29 18:45:00,LONG,27782.0,27812.55,611.07,be_stop
Layer I,2026-04-30 00:05:00,2026-04-30 00:10:00,SHORT,27586.0,27606.75,-415.0,signal_invalidated
OTE+BOS,2026-04-30 00:45:00,2026-04-30 01:15:00,SHORT,27569.25,27521.8,948.93,be_stop
Layer I,2026-04-30 01:20:00,2026-04-30 01:25:00,SHORT,27513.5,27537.43,-478.57,stop
Layer I,2026-04-30 04:35:00,2026-04-30 04:40:00,LONG,27709.0,27681.73,-545.36,stop
OTE+BOS,2026-04-30 08:30:00,2026-04-30 08:40:00,SHORT,27646.75,27634.25,250.0,be_stop
OTE+BOS,2026-04-30 12:00:00,2026-04-30 12:15:00,LONG,27715.0,27727.5,250.0,be_stop
Layer I,2026-05-01 01:20:00,2026-05-01 02:05:00,SHORT,27918.0,27919.5,-30.0,signal_invalidated
Layer I,2026-05-01 02:40:00,2026-05-01 02:45:00,SHORT,27885.5,27897.41,-238.21,stop
Layer I,2026-05-01 03:15:00,2026-05-01 03:45:00,SHORT,27890.25,27857.75,650.0,target
Layer I,2026-05-01 03:55:00,2026-05-01 04:30:00,SHORT,27868.25,27862.25,120.0,signal_invalidated
Layer I,2026-05-01 06:30:00,2026-05-01 06:45:00,SHORT,27846.0,27859.96,-279.29,stop
OTE+BOS,2026-05-01 07:10:00,2026-05-01 07:40:00,LONG,27902.5,27883.91,-371.79,stop
Layer I,2026-05-01 08:30:00,2026-05-01 08:35:00,LONG,28037.75,28070.25,650.0,target
OTE+BOS,2026-05-03 17:05:00,2026-05-03 18:35:00,SHORT,28171.25,28135.9,706.96,be_stop
Layer I,2026-05-03 18:15:00,2026-05-03 18:55:00,SHORT,28125.75,28126.5,-15.0,signal_invalidated
Layer I,2026-05-03 20:25:00,2026-05-03 20:35:00,LONG,28177.5,28210.0,650.0,target
Layer I,2026-05-03 20:45:00,2026-05-03 21:15:00,LONG,28213.5,28195.43,-361.43,stop
Layer I,2026-05-03 21:50:00,2026-05-03 22:30:00,LONG,28242.0,28225.54,-329.29,stop
Layer I,2026-05-03 23:30:00,2026-05-03 23:55:00,LONG,28248.25,28240.25,-160.0,signal_invalidated
Layer I,2026-05-04 00:20:00,2026-05-04 00:25:00,LONG,28256.25,28246.32,-198.57,stop
Layer I,2026-05-04 03:20:00,2026-05-04 03:25:00,SHORT,28188.25,28206.54,-365.71,stop
OTE+BOS,2026-05-04 05:00:00,2026-05-04 05:05:00,SHORT,28086.25,28005.03,1624.34,target
Layer I,2026-05-04 05:05:00,2026-05-04 05:10:00,SHORT,28003.0,28032.55,-591.07,stop
OTE+BOS,2026-05-05 01:30:00,2026-05-05 02:15:00,LONG,28153.5,28189.77,725.36,be_stop
Layer I,2026-05-05 01:55:00,2026-05-05 02:35:00,LONG,28182.25,28214.75,650.0,target
Layer I,2026-05-05 03:10:00,2026-05-05 04:05:00,LONG,28228.0,28211.16,-336.79,stop
Layer I,2026-05-05 04:35:00,2026-05-05 04:50:00,LONG,28236.5,28232.75,-75.0,signal_invalidated
OTE+BOS,2026-05-05 07:05:00,2026-05-05 07:35:00,LONG,28264.0,28281.59,351.79,be_stop
Layer I,2026-05-05 07:10:00,2026-05-05 07:35:00,LONG,28295.0,28278.36,-332.86,stop
OTE+BOS,2026-05-05 15:15:00,2026-05-05 15:25:00,LONG,28468.25,28547.02,1575.47,target
Layer I,2026-05-06 00:05:00,2026-05-06 00:15:00,LONG,28647.25,28636.52,-214.64,stop
Layer I,2026-05-06 00:45:00,2026-05-06 01:05:00,LONG,28650.0,28639.18,-216.43,stop
Layer I,2026-05-06 03:40:00,2026-05-06 03:50:00,LONG,28663.5,28696.0,650.0,target
Layer I,2026-05-06 04:00:00,2026-05-06 04:15:00,LONG,28734.25,28766.75,650.0,target
Layer I,2026-05-06 04:25:00,2026-05-06 04:30:00,LONG,28767.75,28800.25,650.0,target
Layer I,2026-05-06 04:40:00,2026-05-06 05:00:00,LONG,28798.5,28831.0,650.0,target
OTE+BOS,2026-05-06 19:15:00,2026-05-06 20:35:00,SHORT,28958.75,28977.32,-371.43,stop
OTE+BOS,2026-05-07 00:30:00,2026-05-07 01:05:00,LONG,29011.0,29000.98,-200.36,stop
Layer I,2026-05-07 00:40:00,2026-05-07 01:05:00,LONG,29026.0,29015.77,-204.64,stop
Layer I,2026-05-07 01:40:00,2026-05-07 01:45:00,LONG,29045.0,29031.29,-274.29,stop
Layer I,2026-05-07 02:05:00,2026-05-07 02:15:00,LONG,29072.25,29084.75,250.0,be_stop
Layer I,2026-05-07 02:35:00,2026-05-07 02:45:00,LONG,29094.25,29071.38,-457.5,stop
Layer I,2026-05-07 03:05:00,2026-05-07 03:10:00,LONG,29093.5,29068.7,-496.07,stop
OTE+BOS,2026-05-07 08:30:00,2026-05-07 08:40:00,LONG,29062.25,29043.43,-376.43,stop
Layer I,2026-05-07 08:35:00,2026-05-07 08:40:00,LONG,29074.75,29054.64,-402.14,stop
Layer I,2026-05-08 00:35:00,2026-05-08 01:00:00,LONG,29108.25,29095.46,-255.71,stop
Layer I,2026-05-08 01:20:00,2026-05-08 02:10:00,LONG,29116.25,29112.0,-85.0,signal_invalidated
Layer I,2026-05-08 03:15:00,2026-05-08 04:05:00,LONG,29153.25,29185.75,650.0,target
Layer I,2026-05-08 04:15:00,2026-05-08 04:30:00,LONG,29185.75,29173.25,-250.0,stop
Layer I,2026-05-08 06:00:00,2026-05-08 06:05:00,LONG,29177.5,29180.5,60.0,signal_invalidated
Layer I,2026-05-08 06:25:00,2026-05-08 07:10:00,LONG,29193.75,29188.0,-115.0,signal_invalidated
OTE+BOS,2026-05-10 17:05:00,2026-05-10 17:15:00,LONG,29583.5,29563.3,-403.93,stop
Layer I,2026-05-10 18:15:00,2026-05-10 18:25:00,LONG,29639.5,29618.12,-427.5,stop
Layer I,2026-05-10 19:10:00,2026-05-10 19:15:00,LONG,29670.75,29648.89,-437.14,stop
Layer I,2026-05-10 19:35:00,2026-05-10 19:45:00,LONG,29686.0,29665.96,-400.71,stop
OTE+BOS,2026-05-10 20:05:00,2026-05-10 20:30:00,LONG,29586.25,29614.22,559.46,be_stop
Layer I,2026-05-11 00:20:00,2026-05-11 00:25:00,LONG,29644.5,29633.68,-216.43,stop
Layer I,2026-05-11 01:45:00,2026-05-11 01:50:00,SHORT,29605.5,29614.75,-185.0,signal_invalidated
Layer I,2026-05-11 02:30:00,2026-05-11 02:40:00,SHORT,29609.25,29626.07,-336.43,stop
OTE+BOS,2026-05-11 03:05:00,2026-05-11 03:15:00,SHORT,29579.75,29598.98,-384.64,stop
OTE+BOS,2026-05-11 05:40:00,2026-05-11 06:20:00,LONG,29603.0,29665.0,1240.04,target
OTE+BOS,2026-05-11 07:25:00,2026-05-11 07:40:00,LONG,29609.25,29587.38,-437.5,stop
Layer I,2026-05-12 00:05:00,2026-05-12 00:55:00,SHORT,29592.25,29584.0,165.0,signal_invalidated
Layer I,2026-05-12 01:25:00,2026-05-12 01:55:00,SHORT,29552.5,29520.0,650.0,target
Layer I,2026-05-12 02:05:00,2026-05-12 02:10:00,SHORT,29486.5,29504.71,-364.29,stop
Layer I,2026-05-12 05:45:00,2026-05-12 05:55:00,SHORT,29498.5,29514.11,-312.14,stop
OTE+BOS,2026-05-12 06:00:00,2026-05-12 06:10:00,SHORT,29479.25,29496.75,-350.0,stop
Layer I,2026-05-12 06:15:00,2026-05-12 06:25:00,SHORT,29444.0,29466.79,-455.71,stop
Layer I,2026-05-13 00:05:00,2026-05-13 00:45:00,LONG,29595.25,29589.75,-110.0,signal_invalidated
Layer I,2026-05-13 01:15:00,2026-05-13 01:20:00,LONG,29646.75,29632.68,-281.43,stop
OTE+BOS,2026-05-13 02:30:00,2026-05-13 03:00:00,LONG,29624.25,29673.84,991.77,target
Layer I,2026-05-13 02:45:00,2026-05-13 03:00:00,LONG,29653.25,29685.75,650.0,target
Layer I,2026-05-13 03:10:00,2026-05-13 03:50:00,LONG,29724.75,29709.75,-300.0,signal_invalidated
Layer I,2026-05-13 07:35:00,2026-05-13 07:45:00,SHORT,29532.0,29564.2,-643.93,stop
Layer I,2026-05-13 11:40:00,2026-05-13 12:00:00,LONG,29735.25,29767.75,650.0,target
OTE+BOS,2026-05-14 00:45:00,2026-05-14 01:10:00,LONG,29886.5,29915.4,578.04,be_stop
Layer I,2026-05-14 01:50:00,2026-05-14 01:55:00,LONG,29932.0,29911.34,-413.21,stop
Layer I,2026-05-14 04:20:00,2026-05-14 04:35:00,SHORT,29852.25,29819.75,650.0,target
Layer I,2026-05-14 07:55:00,2026-05-14 08:05:00,SHORT,29796.0,29763.5,650.0,target
Layer I,2026-05-14 08:15:00,2026-05-14 08:20:00,SHORT,29769.25,29794.32,-501.43,stop
OTE+BOS,2026-05-14 08:30:00,2026-05-14 08:45:00,LONG,29851.5,29972.66,2423.3,target
Layer I,2026-05-14 10:35:00,2026-05-14 11:05:00,LONG,30043.25,30075.75,650.0,target
Layer I,2026-05-14 11:15:00,2026-05-14 11:25:00,LONG,30054.0,30029.23,-495.36,stop
Layer I,2026-05-15 00:05:00,2026-05-15 00:15:00,SHORT,29711.25,29737.88,-532.5,stop
Layer I,2026-05-15 00:35:00,2026-05-15 00:45:00,SHORT,29674.25,29641.75,650.0,target
Layer I,2026-05-15 00:55:00,2026-05-15 01:00:00,SHORT,29584.0,29551.5,650.0,target
Layer I,2026-05-15 03:15:00,2026-05-15 03:25:00,SHORT,29602.75,29570.25,650.0,target
Layer I,2026-05-15 07:00:00,2026-05-15 07:10:00,SHORT,29540.25,29507.75,650.0,target
Layer I,2026-05-15 12:25:00,2026-05-15 12:55:00,LONG,29719.25,29751.75,650.0,target
Layer I,2026-05-18 02:05:00,2026-05-18 02:15:00,LONG,29409.5,29378.84,-613.21,stop
OTE+BOS,2026-05-18 02:10:00,2026-05-18 02:25:00,SHORT,29388.5,29418.71,-604.29,stop
Layer I,2026-05-18 02:35:00,2026-05-18 02:40:00,LONG,29395.5,29381.75,-275.0,signal_invalidated
Layer I,2026-05-18 03:45:00,2026-05-18 03:50:00,LONG,29509.25,29541.75,650.0,target
Layer I,2026-05-18 04:00:00,2026-05-18 04:10:00,LONG,29516.5,29502.5,-280.0,signal_invalidated
Layer I,2026-05-18 17:15:00,2026-05-18 17:20:00,LONG,29433.0,29465.5,650.0,target
Layer I,2026-05-18 17:30:00,2026-05-18 17:45:00,LONG,29459.5,29437.46,-440.71,stop
Layer I,2026-05-19 02:05:00,2026-05-19 02:10:00,LONG,29375.75,29346.18,-591.43,stop
Layer I,2026-05-19 02:30:00,2026-05-19 02:40:00,LONG,29350.0,29382.5,650.0,target
Layer I,2026-05-19 02:50:00,2026-05-19 03:05:00,LONG,29405.5,29377.5,-560.0,stop
Layer I,2026-05-19 04:50:00,2026-05-19 04:55:00,SHORT,29189.75,29222.14,-647.86,stop
Layer I,2026-05-19 07:10:00,2026-05-19 07:25:00,SHORT,29181.5,29149.0,650.0,target
Layer I,2026-05-19 19:10:00,2026-05-19 19:15:00,SHORT,29132.75,29100.25,650.0,target
Layer I,2026-05-20 01:05:00,2026-05-20 01:15:00,LONG,29265.0,29297.5,650.0,target
Layer I,2026-05-20 01:25:00,2026-05-20 01:45:00,LONG,29312.75,29300.5,-245.0,signal_invalidated
Layer I,2026-05-20 01:55:00,2026-05-20 02:50:00,LONG,29340.25,29338.0,-45.0,signal_invalidated
Layer I,2026-05-20 03:15:00,2026-05-20 03:20:00,LONG,29387.75,29362.89,-497.14,stop
Layer I,2026-05-21 00:05:00,2026-05-21 00:25:00,LONG,29713.75,29696.54,-344.29,stop
Layer I,2026-05-21 02:05:00,2026-05-21 02:10:00,SHORT,29567.5,29535.0,650.0,target
Layer I,2026-05-21 02:20:00,2026-05-21 02:40:00,SHORT,29560.0,29586.0,-520.0,signal_invalidated
Layer I,2026-05-21 15:10:00,2026-05-21 15:45:00,LONG,29759.5,29761.0,30.0,signal_invalidated
Layer I,2026-05-21 15:55:00,2026-05-21 17:00:00,LONG,29757.0,29789.5,650.0,target
Layer I,2026-05-21 17:10:00,2026-05-21 17:15:00,LONG,29814.25,29798.05,-323.93,stop
Layer I,2026-05-22 00:05:00,2026-05-22 00:20:00,LONG,29903.0,29890.66,-246.79,stop
Layer I,2026-05-22 03:20:00,2026-05-22 03:30:00,LONG,29933.25,29906.14,-542.14,stop
Layer I,2026-05-22 04:05:00,2026-05-22 04:25:00,SHORT,29829.25,29796.75,650.0,target
Layer I,2026-05-22 04:35:00,2026-05-22 04:50:00,SHORT,29826.75,29842.5,-315.0,signal_invalidated
Layer I,2026-05-22 05:10:00,2026-05-22 05:20:00,SHORT,29790.5,29793.25,-55.0,signal_invalidated
Layer I,2026-05-22 05:30:00,2026-05-22 05:50:00,SHORT,29746.0,29773.12,-542.5,stop
OTE+BOS,2026-05-22 12:20:00,2026-05-22 12:30:00,LONG,29986.5,29999.0,250.0,be_stop
Layer I,2026-05-24 18:10:00,2026-05-24 18:30:00,LONG,30124.0,30156.5,650.0,target
Layer I,2026-05-24 18:40:00,2026-05-24 18:50:00,LONG,30160.0,30141.25,-375.0,stop
Layer I,2026-05-24 19:10:00,2026-05-24 19:35:00,LONG,30171.75,30204.25,650.0,target
Layer I,2026-05-24 19:45:00,2026-05-24 19:55:00,LONG,30230.0,30210.68,-386.43,stop
Layer I,2026-05-24 20:15:00,2026-05-24 20:55:00,LONG,30221.25,30226.25,100.0,signal_invalidated
OTE+BOS,2026-05-24 21:45:00,2026-05-24 22:00:00,LONG,30237.5,30283.06,911.21,target
Layer I,2026-05-24 22:00:00,2026-05-24 22:20:00,LONG,30274.5,30260.2,-286.07,stop
Layer I,2026-05-25 00:05:00,2026-05-25 00:50:00,LONG,30285.25,30276.5,-175.0,stop
Layer I,2026-05-25 06:05:00,2026-05-25 06:55:00,LONG,30276.0,30273.75,-45.0,signal_invalidated
Layer I,2026-05-25 08:20:00,2026-05-25 08:30:00,SHORT,30240.25,30252.04,-235.71,stop
OTE+BOS,2026-05-26 01:00:00,2026-05-26 01:25:00,LONG,30116.5,30103.8,-253.93,stop
Layer I,2026-05-26 01:10:00,2026-05-26 01:20:00,LONG,30138.75,30125.91,-256.79,stop
OTE+BOS,2026-05-26 02:00:00,2026-05-26 02:35:00,SHORT,30100.0,30068.7,626.07,be_stop
Layer I,2026-05-26 02:20:00,2026-05-26 02:30:00,SHORT,30086.25,30053.75,650.0,target
Layer I,2026-05-26 02:40:00,2026-05-26 03:10:00,SHORT,30084.25,30073.5,215.0,signal_invalidated
Layer I,2026-05-26 04:50:00,2026-05-26 05:15:00,LONG,30147.5,30180.0,650.0,target
Layer I,2026-05-26 05:25:00,2026-05-26 05:40:00,LONG,30199.0,30184.73,-285.36,stop
Layer I,2026-05-26 07:20:00,2026-05-26 07:40:00,LONG,30187.75,30220.25,650.0,target
OTE+BOS,2026-05-26 08:35:00,2026-05-26 08:45:00,LONG,30161.5,30250.11,1772.24,target
Layer I,2026-05-27 01:35:00,2026-05-27 01:40:00,SHORT,30368.75,30374.25,-110.0,signal_invalidated
OTE+BOS,2026-05-27 02:00:00,2026-05-27 02:45:00,LONG,30403.0,30423.12,402.32,be_stop
Layer I,2026-05-27 03:05:00,2026-05-27 03:15:00,LONG,30455.5,30488.0,650.0,target
Layer I,2026-05-27 03:25:00,2026-05-27 04:00:00,LONG,30510.0,30491.27,-374.64,stop
Layer I,2026-05-27 05:00:00,2026-05-27 05:30:00,LONG,30535.5,30519.68,-316.43,stop
Layer I,2026-05-27 06:05:00,2026-05-27 06:35:00,LONG,30561.75,30594.25,650.0,target
Layer I,2026-05-27 06:45:00,2026-05-27 07:00:00,LONG,30574.5,30556.39,-362.14,stop
OTE+BOS,2026-05-27 20:00:00,2026-05-27 21:50:00,SHORT,30359.25,30299.64,1192.14,be_stop
Layer I,2026-05-28 02:40:00,2026-05-28 02:45:00,LONG,30252.5,30231.7,-416.07,stop
Layer I,2026-05-28 03:05:00,2026-05-28 03:25:00,LONG,30264.75,30263.5,-25.0,signal_invalidated
Layer I,2026-05-28 03:55:00,2026-05-28 04:10:00,LONG,30285.75,30271.5,-285.0,signal_invalidated
Layer I,2026-05-29 00:05:00,2026-05-29 00:35:00,LONG,30610.25,30599.07,-223.57,stop
Layer I,2026-05-29 01:50:00,2026-05-29 02:05:00,LONG,30646.75,30632.82,-278.57,stop
Layer I,2026-05-29 03:35:00,2026-05-29 03:45:00,LONG,30624.25,30607.09,-343.21,stop
Layer I,2026-05-31 17:25:00,2026-05-31 17:45:00,LONG,30725.25,30757.75,650.0,target
Layer I,2026-05-31 17:55:00,2026-05-31 18:45:00,LONG,30757.0,30768.25,225.0,signal_invalidated
Layer I,2026-05-31 19:05:00,2026-05-31 19:15:00,LONG,30814.0,30797.16,-336.79,stop
Layer I,2026-05-31 19:35:00,2026-05-31 20:05:00,LONG,30838.5,30829.0,-190.0,signal_invalidated
Layer I,2026-05-31 21:10:00,2026-05-31 21:30:00,LONG,30865.75,30852.2,-271.07,stop
OTE+BOS,2026-05-31 22:15:00,2026-05-31 22:45:00,LONG,30863.25,30852.12,-222.5,stop
OTE+BOS,2026-06-01 02:15:00,2026-06-01 02:40:00,SHORT,30855.75,30796.26,1189.86,target
Layer I,2026-06-01 02:35:00,2026-06-01 03:10:00,SHORT,30808.25,30775.75,650.0,target
Layer I,2026-06-01 03:20:00,2026-06-01 03:50:00,SHORT,30769.75,30788.45,-373.93,stop
Layer I,2026-06-01 05:00:00,2026-06-01 05:10:00,SHORT,30765.75,30780.91,-303.21,stop
Layer I,2026-06-01 07:05:00,2026-06-01 07:25:00,SHORT,30735.75,30755.04,-385.71,stop
OTE+BOS,2026-06-01 07:45:00,2026-06-01 08:05:00,SHORT,30776.75,30748.82,558.57,be_stop
OTE+BOS,2026-06-01 19:00:00,2026-06-01 19:15:00,SHORT,30758.5,30723.67,696.61,be_stop
Layer I,2026-06-02 00:05:00,2026-06-02 00:30:00,LONG,30754.0,30786.5,650.0,target
Layer I,2026-06-02 00:40:00,2026-06-02 00:50:00,LONG,30783.5,30767.29,-324.29,stop
Layer I,2026-06-02 01:10:00,2026-06-02 01:55:00,LONG,30783.5,30816.0,650.0,target
Layer I,2026-06-02 02:05:00,2026-06-02 02:30:00,LONG,30841.0,30825.5,-310.0,stop
Layer I,2026-06-02 03:05:00,2026-06-02 03:10:00,LONG,30861.5,30844.62,-337.5,stop
OTE+BOS,2026-06-02 04:30:00,2026-06-02 04:50:00,LONG,30846.5,30872.35,516.96,be_stop
Layer I,2026-06-02 05:10:00,2026-06-02 05:20:00,LONG,30861.5,30867.25,115.0,signal_invalidated
OTE+BOS,2026-06-02 08:00:00,2026-06-02 08:15:00,SHORT,30828.5,30804.14,487.14,be_stop
Layer I,2026-06-03 02:20:00,2026-06-03 02:30:00,LONG,31013.75,31000.75,-260.0,signal_invalidated
Layer I,2026-06-03 03:05:00,2026-06-03 03:20:00,LONG,31028.75,31009.62,-382.5,stop
Layer I,2026-06-03 04:30:00,2026-06-03 04:55:00,LONG,31058.5,31038.54,-399.29,stop
OTE+BOS,2026-06-03 08:30:00,2026-06-03 08:45:00,SHORT,31015.75,30916.77,1979.58,target
OTE+BOS,2026-06-03 15:20:00,2026-06-03 15:30:00,LONG,30886.0,30852.07,-678.57,stop
Layer I,2026-06-04 01:35:00,2026-06-04 01:50:00,LONG,30802.5,30835.0,650.0,target
Layer I,2026-06-04 02:00:00,2026-06-04 02:15:00,LONG,30841.5,30821.59,-398.21,stop
OTE+BOS,2026-06-04 03:00:00,2026-06-04 03:15:00,SHORT,30773.0,30716.71,1125.71,be_stop
Layer I,2026-06-04 03:20:00,2026-06-04 03:25:00,SHORT,30686.25,30653.75,650.0,target
Layer I,2026-06-04 03:35:00,2026-06-04 03:45:00,SHORT,30691.5,30659.0,650.0,target
Layer I,2026-06-04 03:55:00,2026-06-04 04:00:00,SHORT,30646.0,30613.5,650.0,target
Layer I,2026-06-04 04:40:00,2026-06-04 04:45:00,SHORT,30599.75,30633.18,-668.57,stop
Layer I,2026-06-05 00:05:00,2026-06-05 00:25:00,LONG,30506.75,30504.0,-55.0,signal_invalidated
Layer I,2026-06-05 01:20:00,2026-06-05 02:00:00,SHORT,30438.75,30406.25,650.0,target
Layer I,2026-06-05 02:10:00,2026-06-05 02:20:00,SHORT,30382.5,30407.8,-506.07,stop
Layer I,2026-06-05 05:05:00,2026-06-05 05:20:00,LONG,30508.0,30525.75,355.0,signal_invalidated
Layer I,2026-06-05 05:30:00,2026-06-05 05:35:00,LONG,30536.0,30519.11,-337.86,stop
Layer I,2026-06-05 07:30:00,2026-06-05 07:35:00,SHORT,30363.25,30393.11,-597.14,stop
Layer I,2026-06-07 23:50:00,2026-06-07 23:55:00,SHORT,29425.5,29393.0,650.0,target
Layer I,2026-06-08 00:05:00,2026-06-08 00:10:00,SHORT,29411.75,29379.25,650.0,target
OTE+BOS,2026-06-08 06:05:00,2026-06-08 06:20:00,LONG,29570.25,29693.2,2458.95,target
Layer I,2026-06-08 07:25:00,2026-06-08 07:40:00,LONG,29759.25,29791.75,650.0,target
Layer I,2026-06-08 07:50:00,2026-06-08 08:00:00,LONG,29784.25,29816.75,650.0,target
Layer I,2026-06-08 08:10:00,2026-06-08 08:25:00,LONG,29876.25,29844.91,-626.79,stop
OTE+BOS,2026-06-08 17:00:00,2026-06-08 17:20:00,SHORT,29706.5,29653.73,1055.36,be_stop
Layer I,2026-06-08 17:10:00,2026-06-08 17:15:00,SHORT,29659.75,29627.25,650.0,target
Layer I,2026-06-08 17:25:00,2026-06-08 17:30:00,SHORT,29629.75,29661.32,-631.43,stop
Layer I,2026-06-09 01:05:00,2026-06-09 01:30:00,LONG,29950.5,29925.98,-490.36,stop
OTE+BOS,2026-06-09 01:55:00,2026-06-09 02:10:00,LONG,29923.75,29971.21,949.11,be_stop
Layer I,2026-06-09 03:40:00,2026-06-09 03:50:00,LONG,29980.25,29950.95,-586.07,stop
Layer I,2026-06-09 06:30:00,2026-06-09 06:55:00,LONG,30004.5,29984.04,-409.29,stop
OTE+BOS,2026-06-09 07:50:00,2026-06-09 08:10:00,LONG,29989.75,30027.96,764.29,be_stop
Layer I,2026-06-10 02:50:00,2026-06-10 03:00:00,SHORT,29251.5,29219.0,650.0,target
Layer I,2026-06-10 23:15:00,2026-06-10 23:30:00,LONG,29027.25,29059.75,650.0,target
Layer I,2026-06-10 23:40:00,2026-06-11 00:00:00,LONG,29092.0,29061.46,-610.71,stop
Layer I,2026-06-11 02:00:00,2026-06-11 02:05:00,LONG,29104.75,29073.88,-617.5,stop
Layer I,2026-06-11 02:25:00,2026-06-11 03:00:00,LONG,29151.25,29183.75,650.0,target
Layer I,2026-06-11 03:30:00,2026-06-11 03:50:00,LONG,29216.25,29202.5,-275.0,signal_invalidated
OTE+BOS,2026-06-11 07:15:00,2026-06-11 07:20:00,SHORT,29175.0,29076.02,1979.58,target
Layer I,2026-06-11 17:10:00,2026-06-11 17:20:00,LONG,29824.0,29819.5,-90.0,signal_invalidated
Layer I,2026-06-11 17:40:00,2026-06-11 17:50:00,LONG,29851.75,29884.25,650.0,target
Layer I,2026-06-11 18:00:00,2026-06-11 18:20:00,LONG,29847.5,29815.5,-640.0,stop
OTE+BOS,2026-06-12 00:30:00,2026-06-12 00:40:00,SHORT,29817.75,29805.25,250.0,be_stop
Layer I,2026-06-12 00:40:00,2026-06-12 00:45:00,SHORT,29782.0,29749.5,650.0,target
Layer I,2026-06-12 00:55:00,2026-06-12 01:00:00,SHORT,29702.5,29736.64,-682.86,stop
Layer I,2026-06-12 02:10:00,2026-06-12 02:20:00,SHORT,29573.5,29607.41,-678.21,stop
Layer I,2026-06-12 06:40:00,2026-06-12 07:00:00,LONG,29945.5,29914.48,-620.36,stop
OTE+BOS,2026-06-14 19:00:00,2026-06-14 19:15:00,LONG,30392.75,30441.48,974.64,be_stop
Layer I,2026-06-14 19:05:00,2026-06-14 19:10:00,LONG,30422.75,30455.25,650.0,target
Layer I,2026-06-14 19:20:00,2026-06-14 19:40:00,LONG,30467.25,30434.77,-649.64,stop
OTE+BOS,2026-06-14 20:30:00,2026-06-14 21:30:00,LONG,30470.0,30497.19,543.75,be_stop
Layer I,2026-06-14 20:45:00,2026-06-14 20:55:00,LONG,30480.0,30459.68,-406.43,stop
Layer I,2026-06-14 21:15:00,2026-06-14 22:05:00,LONG,30487.25,30497.25,200.0,signal_invalidated
Layer I,2026-06-14 22:20:00,2026-06-14 22:30:00,LONG,30516.0,30503.12,-257.5,stop
Layer I,2026-06-14 23:55:00,2026-06-15 00:30:00,LONG,30534.0,30520.29,-274.29,stop
Layer I,2026-06-15 03:25:00,2026-06-15 04:05:00,LONG,30600.75,30592.0,-175.0,signal_invalidated
Layer I,2026-06-15 06:00:00,2026-06-15 06:20:00,LONG,30577.5,30610.0,650.0,target
Layer I,2026-06-15 06:30:00,2026-06-15 06:40:00,LONG,30593.25,30575.04,-364.29,stop
Layer I,2026-06-15 08:30:00,2026-06-15 08:35:00,LONG,30659.25,30691.75,650.0,target
Layer I,2026-06-15 10:45:00,2026-06-15 11:20:00,LONG,30874.0,30906.5,650.0,target
Layer I,2026-06-15 17:10:00,2026-06-15 17:25:00,SHORT,30795.0,30762.5,650.0,target
Layer I,2026-06-16 00:25:00,2026-06-16 00:30:00,LONG,30834.0,30820.75,-265.0,stop
Layer I,2026-06-16 01:05:00,2026-06-16 01:20:00,LONG,30825.0,30823.25,-35.0,signal_invalidated
Layer I,2026-06-16 01:30:00,2026-06-16 01:35:00,LONG,30820.0,30821.5,30.0,signal_invalidated
OTE+BOS,2026-06-16 03:00:00,2026-06-16 03:30:00,LONG,30859.75,30892.73,659.64,be_stop
Layer I,2026-06-16 03:05:00,2026-06-16 03:30:00,LONG,30876.0,30888.5,250.0,be_stop
Layer I,2026-06-16 03:50:00,2026-06-16 04:15:00,LONG,30927.5,30903.86,-472.86,stop
Layer I,2026-06-16 05:50:00,2026-06-16 06:00:00,LONG,30924.0,30956.5,650.0,target
OTE+BOS,2026-06-16 14:05:00,2026-06-16 14:20:00,SHORT,30438.25,30416.95,426.07,be_stop
Layer I,2026-06-17 00:15:00,2026-06-17 00:45:00,LONG,30493.75,30526.25,650.0,target
Layer I,2026-06-17 02:00:00,2026-06-17 02:45:00,LONG,30555.25,30552.5,-55.0,signal_invalidated
Layer I,2026-06-17 03:05:00,2026-06-17 03:10:00,LONG,30580.25,30561.71,-370.71,stop
OTE+BOS,2026-06-17 04:45:00,2026-06-17 05:15:00,SHORT,30483.75,30457.4,526.96,be_stop
Layer I,2026-06-17 05:05:00,2026-06-17 05:20:00,SHORT,30446.5,30469.3,-456.07,stop
Layer I,2026-06-18 02:45:00,2026-06-18 03:00:00,LONG,30423.75,30456.25,650.0,target
Layer I,2026-06-18 03:10:00,2026-06-18 03:20:00,LONG,30482.5,30457.14,-507.14,stop
Layer I,2026-06-18 05:00:00,2026-06-18 05:30:00,LONG,30475.0,30452.46,-450.71,stop
Layer I,2026-06-18 07:50:00,2026-06-18 07:55:00,LONG,30500.25,30532.75,650.0,target
Layer I,2026-06-18 08:05:00,2026-06-18 08:15:00,LONG,30491.25,30523.75,650.0,target
Layer I,2026-06-18 08:25:00,2026-06-18 08:30:00,LONG,30593.75,30560.09,-673.21,stop
OTE+BOS,2026-06-18 14:35:00,2026-06-18 14:50:00,LONG,30720.5,30749.97,589.46,be_stop
OTE+BOS,2026-06-18 19:00:00,2026-06-18 19:25:00,SHORT,30674.5,30658.42,321.61,be_stop
Layer I,2026-06-19 00:05:00,2026-06-19 00:35:00,SHORT,30433.5,30401.0,650.0,target
Layer I,2026-06-19 00:45:00,2026-06-19 00:50:00,SHORT,30436.25,30465.66,-588.21,stop
Layer I,2026-06-19 02:35:00,2026-06-19 03:20:00,LONG,30612.5,30645.0,650.0,target
Layer I,2026-06-19 03:30:00,2026-06-19 04:00:00,LONG,30628.5,30641.0,250.0,be_stop
Layer I,2026-06-19 07:45:00,2026-06-19 07:50:00,SHORT,30546.0,30564.68,-373.57,stop
OTE+BOS,2026-06-19 07:50:00,2026-06-19 08:40:00,LONG,30636.5,30649.0,250.0,be_stop
Layer I,2026-06-19 08:50:00,2026-06-19 09:30:00,LONG,30673.5,30663.75,-195.0,signal_invalidated
OTE+BOS,2026-06-19 11:45:00,2026-06-21 17:00:00,SHORT,30685.5,30631.75,1074.97,target
OTE+BOS,2026-06-22 00:00:00,2026-06-22 00:15:00,LONG,30583.75,30642.55,1176.07,be_stop
Layer I,2026-06-22 01:10:00,2026-06-22 01:20:00,LONG,30681.0,30713.5,650.0,target
Layer I,2026-06-22 01:30:00,2026-06-22 02:00:00,LONG,30713.0,30745.5,650.0,target
Layer I,2026-06-22 02:10:00,2026-06-22 02:45:00,LONG,30763.25,30761.5,-35.0,signal_invalidated
Layer I,2026-06-22 07:25:00,2026-06-22 07:45:00,LONG,30823.25,30801.75,-430.0,stop
Layer I,2026-06-22 08:05:00,2026-06-22 08:20:00,LONG,30834.5,30867.0,650.0,target
Layer I,2026-06-22 14:00:00,2026-06-22 14:05:00,SHORT,30585.5,30553.0,650.0,target
Layer I,2026-06-23 00:05:00,2026-06-23 00:25:00,SHORT,30237.75,30205.25,650.0,target
Layer I,2026-06-23 00:35:00,2026-06-23 00:45:00,SHORT,30137.75,30168.39,-612.86,stop
Layer I,2026-06-23 05:25:00,2026-06-23 05:30:00,SHORT,29825.0,29792.5,650.0,target
Layer I,2026-06-23 05:40:00,2026-06-23 05:45:00,SHORT,29781.25,29812.43,-623.57,stop
Layer I,2026-06-23 17:35:00,2026-06-23 17:40:00,SHORT,29672.0,29639.5,650.0,target
OTE+BOS,2026-06-24 03:15:00,2026-06-24 03:50:00,SHORT,29838.0,29825.5,250.0,be_stop
Layer I,2026-06-24 06:20:00,2026-06-24 06:30:00,SHORT,29765.0,29789.88,-497.5,stop
Layer I,2026-06-24 08:00:00,2026-06-24 08:10:00,SHORT,29749.25,29716.75,650.0,target
Layer I,2026-06-24 08:20:00,2026-06-24 08:25:00,SHORT,29735.75,29703.25,650.0,target
Layer I,2026-06-24 18:30:00,2026-06-24 18:45:00,LONG,30092.0,30124.5,650.0,target
Layer I,2026-06-24 18:55:00,2026-06-24 19:00:00,LONG,30096.75,30073.79,-459.29,stop
OTE+BOS,2026-06-24 19:15:00,2026-06-24 19:40:00,SHORT,30073.0,29964.12,2177.67,target
Layer I,2026-06-25 00:05:00,2026-06-25 00:30:00,LONG,30070.5,30103.0,650.0,target
Layer I,2026-06-25 00:40:00,2026-06-25 00:55:00,LONG,30106.25,30085.46,-415.71,stop
Layer I,2026-06-25 01:20:00,2026-06-25 01:25:00,LONG,30131.0,30111.25,-395.0,stop
Layer I,2026-06-25 02:15:00,2026-06-25 03:00:00,LONG,30155.5,30168.0,250.0,be_stop
Layer I,2026-06-25 03:20:00,2026-06-25 03:30:00,LONG,30170.75,30160.0,-215.0,signal_invalidated
Layer I,2026-06-25 05:30:00,2026-06-25 05:40:00,LONG,30164.5,30147.93,-331.43,stop
Layer I,2026-06-28 18:30:00,2026-06-28 18:55:00,LONG,29664.75,29630.7,-681.07,stop
Layer I,2026-06-29 03:00:00,2026-06-29 03:15:00,LONG,29690.25,29722.75,650.0,target
Layer I,2026-06-29 03:25:00,2026-06-29 03:45:00,LONG,29694.75,29688.25,-130.0,signal_invalidated
Layer I,2026-06-29 05:30:00,2026-06-29 06:00:00,LONG,29720.25,29752.75,650.0,target
OTE+BOS,2026-06-29 07:35:00,2026-06-29 08:00:00,SHORT,29682.0,29709.41,-548.21,stop
Layer I,2026-06-29 12:05:00,2026-06-29 12:10:00,LONG,29949.75,29982.25,650.0,target
Layer I,2026-06-29 12:20:00,2026-06-29 12:25:00,LONG,29958.5,29991.0,650.0,target
Layer I,2026-06-29 12:45:00,2026-06-29 13:20:00,LONG,30021.25,30003.5,-355.0,signal_invalidated
OTE+BOS,2026-06-29 13:30:00,2026-06-29 13:50:00,LONG,30023.0,30035.63,252.68,be_stop
Layer I,2026-06-30 00:05:00,2026-06-30 00:15:00,LONG,30192.75,30170.91,-436.79,stop
Layer I,2026-06-30 03:15:00,2026-06-30 03:20:00,SHORT,30091.75,30115.64,-477.86,stop
Layer I,2026-06-30 03:40:00,2026-06-30 04:00:00,SHORT,30046.5,30077.04,-610.71,stop
OTE+BOS,2026-06-30 15:00:00,2026-06-30 15:15:00,LONG,30531.0,30502.36,-572.86,stop
Layer I,2026-07-01 01:00:00,2026-07-01 01:20:00,SHORT,30415.5,30383.0,650.0,target
Layer I,2026-07-01 01:30:00,2026-07-01 01:45:00,SHORT,30394.75,30414.84,-401.79,stop
Layer I,2026-07-01 02:05:00,2026-07-01 02:15:00,SHORT,30353.75,30321.25,650.0,target
Layer I,2026-07-01 02:25:00,2026-07-01 02:45:00,SHORT,30350.0,30375.3,-506.07,stop
Layer I,2026-07-01 06:05:00,2026-07-01 06:20:00,LONG,30422.25,30405.34,-338.21,stop
OTE+BOS,2026-07-01 07:30:00,2026-07-01 07:40:00,SHORT,30300.0,30287.5,250.0,be_stop
Layer I,2026-07-01 12:55:00,2026-07-01 13:05:00,SHORT,30163.75,30184.25,-410.0,signal_invalidated
Layer I,2026-07-02 01:00:00,2026-07-02 01:10:00,SHORT,30018.0,29985.5,650.0,target
Layer I,2026-07-02 01:20:00,2026-07-02 01:30:00,SHORT,29970.75,30003.12,-647.5,stop
Layer I,2026-07-02 05:05:00,2026-07-02 05:15:00,SHORT,29941.5,29949.25,-155.0,signal_invalidated
Layer I,2026-07-02 06:10:00,2026-07-02 06:15:00,LONG,30007.0,29979.95,-541.07,stop
Layer I,2026-07-03 00:05:00,2026-07-03 00:20:00,LONG,29814.75,29798.11,-332.86,stop
Layer I,2026-07-03 01:00:00,2026-07-03 01:45:00,LONG,29858.25,29846.5,-235.0,signal_invalidated
OTE+BOS,2026-07-03 03:50:00,2026-07-03 04:05:00,LONG,29846.0,29827.98,-360.36,stop
Layer I,2026-07-03 04:15:00,2026-07-03 04:45:00,LONG,29879.75,29879.5,-5.0,signal_invalidated
Layer I,2026-07-05 17:30:00,2026-07-05 18:10:00,LONG,29952.25,29984.75,650.0,target
Layer I,2026-07-05 18:20:00,2026-07-05 18:55:00,LONG,29980.75,29983.75,60.0,signal_invalidated
OTE+BOS,2026-07-06 01:30:00,2026-07-06 02:00:00,LONG,29818.0,29836.33,366.61,be_stop
Layer I,2026-07-06 01:35:00,2026-07-06 02:25:00,LONG,29840.75,29820.25,-410.0,signal_invalidated
Layer I,2026-07-06 04:25:00,2026-07-06 04:30:00,LONG,29863.5,29845.29,-364.29,stop
Layer I,2026-07-06 07:15:00,2026-07-06 07:20:00,LONG,29928.0,29905.27,-454.64,stop
OTE+BOS,2026-07-06 17:45:00,2026-07-06 18:00:00,SHORT,29920.5,29908.0,250.0,be_stop
Layer I,2026-07-07 00:05:00,2026-07-07 00:25:00,SHORT,29592.0,29559.5,650.0,target
Layer I,2026-07-07 06:05:00,2026-07-07 06:15:00,SHORT,29612.0,29637.82,-516.43,stop
Layer I,2026-07-07 06:35:00,2026-07-07 06:45:00,SHORT,29605.0,29629.57,-491.43,stop
OTE+BOS,2026-07-07 07:15:00,2026-07-07 07:40:00,SHORT,29676.75,29705.38,-572.5,stop
Layer I,2026-07-07 08:20:00,2026-07-07 08:30:00,SHORT,29608.25,29639.68,-628.57,stop
Layer I,2026-07-08 00:30:00,2026-07-08 00:45:00,SHORT,29369.0,29336.5,650.0,target
Layer I,2026-07-08 01:05:00,2026-07-08 01:20:00,SHORT,29354.25,29321.75,650.0,target
Layer I,2026-07-08 01:35:00,2026-07-08 01:50:00,SHORT,29304.0,29333.55,-591.07,stop
Layer I,2026-07-08 02:10:00,2026-07-08 02:15:00,SHORT,29302.5,29305.5,-60.0,signal_invalidated
Layer I,2026-07-08 14:40:00,2026-07-08 14:45:00,LONG,29418.25,29383.25,-700.0,stop
Layer I,2026-07-09 01:10:00,2026-07-09 01:20:00,LONG,29606.25,29638.75,650.0,target
Layer I,2026-07-09 01:30:00,2026-07-09 01:55:00,LONG,29606.0,29612.0,120.0,signal_invalidated
Layer I,2026-07-09 02:15:00,2026-07-09 02:45:00,LONG,29656.0,29688.5,650.0,target
Layer I,2026-07-09 02:55:00,2026-07-09 03:00:00,LONG,29686.25,29718.75,650.0,target
Layer I,2026-07-09 03:10:00,2026-07-09 03:30:00,LONG,29705.5,29678.59,-538.21,stop
Layer I,2026-07-09 06:05:00,2026-07-09 06:10:00,SHORT,29587.5,29614.59,-541.79,stop
OTE+BOS,2026-07-09 08:30:00,2026-07-09 08:45:00,LONG,29778.75,29842.58,1276.61,be_stop
OTE+BOS,2026-07-09 12:00:00,2026-07-09 12:30:00,LONG,29918.25,29976.12,1157.32,be_stop
OTE+BOS,2026-07-09 19:00:00,2026-07-09 19:25:00,SHORT,29907.25,29833.56,1473.79,target
Layer I,2026-07-10 01:05:00,2026-07-10 01:20:00,SHORT,29833.75,29801.25,650.0,target
Layer I,2026-07-10 01:30:00,2026-07-10 01:55:00,SHORT,29811.5,29819.5,-160.0,signal_invalidated
Layer I,2026-07-10 02:55:00,2026-07-10 03:10:00,SHORT,29774.0,29793.12,-382.5,stop
Layer I,2026-07-10 03:30:00,2026-07-10 03:35:00,SHORT,29772.5,29778.75,-125.0,signal_invalidated
Layer I,2026-07-12 17:05:00,2026-07-12 17:10:00,SHORT,29894.25,29861.75,650.0,target
Layer I,2026-07-12 17:20:00,2026-07-12 17:50:00,SHORT,29882.25,29888.5,-125.0,signal_invalidated
Layer I,2026-07-12 21:55:00,2026-07-12 22:15:00,SHORT,29717.0,29684.5,650.0,target
Layer I,2026-07-12 22:25:00,2026-07-12 22:45:00,SHORT,29710.0,29722.25,-245.0,signal_invalidated
Layer I,2026-07-12 23:05:00,2026-07-12 23:40:00,SHORT,29658.5,29626.0,650.0,target
Layer I,2026-07-12 23:50:00,2026-07-13 00:00:00,SHORT,29618.75,29638.95,-403.93,stop
Layer I,2026-07-13 03:20:00,2026-07-13 04:00:00,LONG,29722.5,29735.0,250.0,be_stop
Layer I,2026-07-13 04:20:00,2026-07-13 05:05:00,LONG,29754.75,29747.25,-150.0,signal_invalidated
Layer I,2026-07-13 06:35:00,2026-07-13 06:45:00,LONG,29785.5,29762.8,-453.93,stop
Layer I,2026-07-13 07:50:00,2026-07-13 08:00:00,SHORT,29712.0,29738.93,-538.57,stop
OTE+BOS,2026-07-13 08:30:00,2026-07-13 08:45:00,SHORT,29644.75,29535.8,2178.99,target
OTE+BOS,2026-07-13 19:00:00,2026-07-13 19:10:00,SHORT,29363.25,29397.12,-677.5,stop
Layer I,2026-07-14 00:20:00,2026-07-14 00:30:00,LONG,29587.25,29619.75,650.0,target
Layer I,2026-07-14 00:40:00,2026-07-14 01:10:00,LONG,29594.0,29626.5,650.0,target
Layer I,2026-07-14 01:20:00,2026-07-14 01:35:00,LONG,29616.75,29614.75,-40.0,signal_invalidated
Layer I,2026-07-14 06:20:00,2026-07-14 06:35:00,LONG,29655.25,29626.32,-578.57,stop
OTE+BOS,2026-07-14 07:15:00,2026-07-14 07:30:00,LONG,29608.75,29678.23,1389.64,be_stop
Layer I,2026-07-14 12:15:00,2026-07-14 13:00:00,LONG,29835.0,29847.5,250.0,be_stop
Layer I,2026-07-14 13:20:00,2026-07-14 13:30:00,LONG,29855.5,29862.5,140.0,signal_invalidated
OTE+BOS,2026-07-14 18:20:00,2026-07-14 18:25:00,LONG,29803.5,29860.09,1131.75,target
OTE+BOS,2026-07-15 00:30:00,2026-07-15 01:05:00,LONG,29992.25,30037.23,899.64,be_stop
Layer I,2026-07-15 03:05:00,2026-07-15 03:20:00,SHORT,29927.25,29894.75,650.0,target
Layer I,2026-07-15 03:30:00,2026-07-15 03:45:00,SHORT,29909.75,29940.18,-608.57,stop
Layer I,2026-07-15 05:20:00,2026-07-15 05:50:00,SHORT,29904.75,29923.68,-378.57,stop
Layer I,2026-07-15 07:05:00,2026-07-15 07:20:00,SHORT,29891.0,29858.5,650.0,target
OTE+BOS,2026-07-15 07:35:00,2026-07-15 07:40:00,SHORT,29935.75,29961.93,-523.57,stop
OTE+BOS,2026-07-15 08:30:00,2026-07-15 08:45:00,SHORT,29953.0,29825.96,2540.83,target
Layer I,2026-07-15 15:30:00,2026-07-15 17:00:00,LONG,29706.75,29739.25,650.0,target
OTE+BOS,2026-07-15 19:00:00,2026-07-15 19:15:00,LONG,29741.5,29713.8,-553.93,stop
OTE+BOS,2026-07-15 19:15:00,2026-07-15 19:30:00,SHORT,29696.25,29683.75,250.0,be_stop
Layer I,2026-07-15 20:25:00,2026-07-15 20:35:00,SHORT,29605.25,29637.77,-650.36,stop
OTE+BOS,2026-07-16 01:00:00,2026-07-16 01:05:00,LONG,29708.5,29676.04,-649.29,stop
Layer I,2026-07-16 02:15:00,2026-07-16 02:30:00,SHORT,29624.0,29591.5,650.0,target
Layer I,2026-07-16 02:40:00,2026-07-16 03:00:00,SHORT,29570.0,29537.5,650.0,target
Layer I,2026-07-16 03:10:00,2026-07-16 03:15:00,SHORT,29490.5,29520.02,-590.36,stop
Layer I,2026-07-16 05:00:00,2026-07-16 05:35:00,SHORT,29540.75,29508.25,650.0,target
Layer I,2026-07-16 05:45:00,2026-07-16 05:55:00,SHORT,29510.25,29537.27,-540.36,stop
Layer I,2026-07-16 06:15:00,2026-07-16 06:20:00,SHORT,29455.25,29484.55,-586.07,stop
Layer I,2026-07-17 00:25:00,2026-07-17 00:35:00,SHORT,28791.0,28758.5,650.0,target
Layer I,2026-07-17 00:55:00,2026-07-17 01:05:00,SHORT,28756.25,28723.75,650.0,target
Layer I,2026-07-17 02:35:00,2026-07-17 02:55:00,SHORT,28720.75,28688.25,650.0,target
Layer I,2026-07-17 08:20:00,2026-07-17 08:25:00,SHORT,28599.0,28625.54,-530.71,stop
Layer I,2026-07-19 23:45:00,2026-07-19 23:50:00,LONG,28937.25,28913.75,-470.0,signal_invalidated
Layer I,2026-07-20 01:20:00,2026-07-20 01:40:00,SHORT,28772.0,28799.46,-549.29,stop
Layer I,2026-07-20 04:40:00,2026-07-20 04:50:00,LONG,28940.75,28973.25,650.0,target
Layer I,2026-07-20 05:00:00,2026-07-20 05:15:00,LONG,28944.0,28921.29,-454.29,stop
Layer I,2026-07-20 05:40:00,2026-07-20 05:55:00,LONG,28967.25,28969.0,35.0,signal_invalidated
Layer I,2026-07-20 06:05:00,2026-07-20 06:30:00,LONG,29003.0,29035.5,650.0,target
Layer I,2026-07-20 06:40:00,2026-07-20 06:50:00,LONG,29087.25,29060.18,-541.43,stop
OTE+BOS,2026-07-20 08:30:00,2026-07-20 08:45:00,LONG,29136.5,29149.0,250.0,be_stop
OTE+BOS,2026-07-20 19:10:00,2026-07-20 19:30:00,LONG,28736.0,28852.21,2324.25,target
Layer I,2026-07-21 01:05:00,2026-07-21 01:35:00,LONG,29115.0,29147.5,650.0,target
Layer I,2026-07-21 01:45:00,2026-07-21 02:10:00,LONG,29149.25,29127.73,-430.36,stop
Layer I,2026-07-21 03:25:00,2026-07-21 04:35:00,LONG,29168.0,29162.0,-120.0,signal_invalidated
OTE+BOS,2026-07-21 08:35:00,2026-07-21 08:40:00,LONG,29191.0,29157.75,-665.0,stop
Layer I,2026-07-21 11:50:00,2026-07-21 12:30:00,LONG,29347.5,29337.5,-200.0,signal_invalidated
OTE+BOS,2026-07-21 20:55:00,2026-07-21 21:15:00,SHORT,29277.25,29264.75,250.0,be_stop
Layer I,2026-07-22 00:15:00,2026-07-22 00:35:00,SHORT,29187.75,29155.25,650.0,target
Layer I,2026-07-22 00:45:00,2026-07-22 00:50:00,SHORT,29155.0,29175.23,-404.64,stop
Layer I,2026-07-22 01:10:00,2026-07-22 01:15:00,SHORT,29133.25,29100.75,650.0,target
Layer I,2026-07-22 01:25:00,2026-07-22 01:35:00,SHORT,29079.5,29104.23,-494.64,stop
Layer I,2026-07-22 01:55:00,2026-07-22 02:05:00,SHORT,29092.75,29060.25,650.0,target
OTE+BOS,2026-07-22 05:15:00,2026-07-22 05:30:00,LONG,29129.75,29150.53,415.54,be_stop
Layer I,2026-07-22 05:45:00,2026-07-22 06:00:00,LONG,29170.75,29147.04,-474.29,stop
OTE+BOS,2026-07-22 14:50:00,2026-07-22 15:00:00,SHORT,29203.75,29191.25,250.0,be_stop
OTE+BOS,2026-07-23 02:00:00,2026-07-23 02:10:00,SHORT,29061.75,28961.38,2007.31,target
Layer I,2026-07-23 02:10:00,2026-07-23 02:20:00,SHORT,28996.25,29026.98,-614.64,stop
Layer I,2026-07-23 02:40:00,2026-07-23 02:55:00,SHORT,28940.5,28972.39,-637.86,stop
Layer I,2026-07-23 05:10:00,2026-07-23 05:25:00,SHORT,29043.0,29062.38,-387.5,stop
OTE+BOS,2026-07-23 20:45:00,2026-07-23 21:10:00,SHORT,28644.0,28620.71,465.89,be_stop
Layer I,2026-07-24 01:05:00,2026-07-24 01:15:00,SHORT,28517.0,28540.95,-478.93,stop
Layer I,2026-07-24 01:50:00,2026-07-24 01:55:00,SHORT,28514.0,28542.21,-564.29,stop
OTE+BOS,2026-07-24 02:00:00,2026-07-24 02:30:00,LONG,28574.0,28638.8,1296.07,be_stop
Layer I,2026-07-24 02:15:00,2026-07-24 02:40:00,LONG,28645.5,28611.2,-686.07,stop
Layer I,2026-07-26 18:45:00,2026-07-26 18:55:00,LONG,28691.5,28724.0,650.0,target
Layer I,2026-07-26 22:50:00,2026-07-26 22:55:00,SHORT,28609.25,28614.0,-95.0,signal_invalidated
Layer I,2026-07-26 23:50:00,2026-07-27 00:00:00,LONG,28660.5,28638.43,-441.43,stop
Layer I,2026-07-27 00:20:00,2026-07-27 01:00:00,LONG,28677.75,28710.25,650.0,target
Layer I,2026-07-27 01:10:00,2026-07-27 01:20:00,LONG,28717.25,28701.54,-314.29,stop
Layer I,2026-07-27 03:45:00,2026-07-27 04:20:00,LONG,28726.5,28731.5,100.0,signal_invalidated
Layer I,2026-07-27 04:45:00,2026-07-27 05:00:00,LONG,28758.5,28746.25,-245.0,signal_invalidated
OTE+BOS,2026-07-27 06:00:00,2026-07-27 06:25:00,SHORT,28722.0,28671.75,1004.98,target
Layer I,2026-07-27 06:50:00,2026-07-27 07:00:00,SHORT,28659.25,28680.3,-421.07,stop
Layer I,2026-07-27 07:20:00,2026-07-27 07:35:00,SHORT,28638.0,28662.55,-491.07,stop
OTE+BOS,2026-07-27 08:15:00,2026-07-27 08:30:00,SHORT,28641.0,28545.45,1910.91,target
Layer I,2026-07-28 00:05:00,2026-07-28 00:15:00,SHORT,27971.75,27939.25,650.0,target
Layer I,2026-07-28 00:25:00,2026-07-28 00:30:00,SHORT,27919.5,27887.0,650.0,target
Layer I,2026-07-28 00:40:00,2026-07-28 00:50:00,SHORT,27897.25,27922.88,-512.5,stop
Layer I,2026-07-28 01:10:00,2026-07-28 01:20:00,SHORT,27844.25,27870.8,-531.07,stop
Layer I,2026-07-28 03:10:00,2026-07-28 03:15:00,SHORT,27888.75,27919.02,-605.36,stop
OTE+BOS,2026-07-28 03:15:00,2026-07-28 03:30:00,LONG,27961.75,27982.73,419.64,be_stop
Layer I,2026-07-29 02:05:00,2026-07-29 02:30:00,LONG,27927.75,27960.25,650.0,target
Layer I,2026-07-29 02:40:00,2026-07-29 02:50:00,LONG,27920.25,27894.75,-510.0,signal_invalidated
Layer I,2026-07-29 04:25:00,2026-07-29 04:40:00,LONG,27977.5,28010.0,650.0,target
Layer I,2026-07-29 04:50:00,2026-07-29 05:15:00,LONG,28034.0,28003.54,-609.29,stop
Layer I,2026-07-30 01:55:00,2026-07-30 02:00:00,SHORT,27434.25,27462.46,-564.29,stop
Layer I,2026-07-30 04:20:00,2026-07-30 04:55:00,LONG,27564.25,27531.73,-650.36,stop
Layer I,2026-07-30 05:25:00,2026-07-30 06:00:00,LONG,27617.75,27650.25,650.0,target
Layer I,2026-07-30 06:10:00,2026-07-30 06:15:00,LONG,27665.75,27698.25,650.0,target
Layer I,2026-07-30 06:25:00,2026-07-30 06:30:00,LONG,27715.0,27685.48,-590.36,stop
Layer I,2026-07-30 06:50:00,2026-07-30 07:00:00,LONG,27740.0,27706.29,-674.29,stop
OTE+BOS,2026-07-30 14:00:00,2026-07-30 14:20:00,LONG,28198.75,28271.96,1464.11,be_stop
Layer I,2026-07-31 00:05:00,2026-07-31 00:35:00,LONG,28563.25,28541.84,-428.21,stop
Layer I,2026-07-31 00:55:00,2026-07-31 01:30:00,LONG,28585.0,28563.55,-428.93,stop
OTE+BOS,2026-07-31 01:50:00,2026-07-31 02:00:00,LONG,28502.25,28472.41,-596.79,stop
Layer I,2026-07-31 02:55:00,2026-07-31 03:00:00,LONG,28575.0,28542.95,-641.07,stop
Layer I,2026-08-02 20:50:00,2026-08-02 21:05:00,LONG,28632.25,28639.25,140.0,signal_invalidated
Layer I,2026-08-02 21:15:00,2026-08-02 21:25:00,LONG,28674.5,28647.88,-532.5,stop
Layer I,2026-08-02 22:50:00,2026-08-02 22:55:00,LONG,28692.75,28676.05,-333.93,stop
Layer I,2026-08-02 23:35:00,2026-08-02 23:50:00,LONG,28673.5,28659.07,-288.57,stop
Layer I,2026-08-03 01:50:00,2026-08-03 02:00:00,SHORT,28596.5,28564.0,650.0,target
Layer I,2026-08-03 02:10:00,2026-08-03 02:15:00,SHORT,28617.5,28585.0,650.0,target
Layer I,2026-08-03 02:40:00,2026-08-03 02:55:00,SHORT,28564.25,28588.25,-480.0,signal_invalidated
Layer I,2026-08-03 03:05:00,2026-08-03 03:20:00,SHORT,28540.0,28507.5,650.0,target
Layer I,2026-08-03 03:30:00,2026-08-03 03:35:00,SHORT,28483.25,28513.16,-598.21,stop
OTE+BOS,2026-08-03 04:00:00,2026-08-03 04:55:00,SHORT,28570.25,28557.75,250.0,be_stop
Layer I,2026-08-03 05:10:00,2026-08-03 05:20:00,SHORT,28527.25,28494.75,650.0,target
OTE+BOS,2026-08-03 19:20:00,2026-08-03 19:30:00,LONG,28913.0,28891.14,-437.14,stop
Layer I,2026-08-04 00:35:00,2026-08-04 01:05:00,LONG,29049.75,29082.25,650.0,target
Layer I,2026-08-04 01:15:00,2026-08-04 01:35:00,LONG,29082.25,29061.82,-408.57,stop
,,,,,,,
SUMMARY,,,,,,78871.33,TOTAL P&L
SUMMARY,,,,,,216211.36,TOTAL WIN $
SUMMARY,,,,,,-137340.03,TOTAL LOSS $
SUMMARY,,,,,47.4%,,WIN RATE (ALL)
SUMMARY,,,LONG,,43.8%,,WIN RATE (LONG)
SUMMARY,,,SHORT,,52.4%,,WIN RATE (SHORT)
