trade_id,entry_timestamp,symbol,side,entry_price,exit_price,qty,pnl,duration_sec,was_intended_as_system_signal,matched_signal,notes,source
NQ_2026-08-05T01:20:59.335260,2026-08-05T01:20:59.335260,NQ,SHORT,29857.75,29824.25,1,670.0,3302.4,True,True,signal_invalidated,live
NQ_2026-08-05T02:50:49.153129,2026-08-05T02:50:49.153129,NQ,LONG,29858.5,29846.75,1,-235.0,1813.9,True,True,signal_invalidated,live
NQ_2026-08-05T04:55:45.870981,2026-08-05T04:55:45.870981,NQ,LONG,29916.75,29910.5,1,-125.0,1211.2,True,True,signal_invalidated,live
NQ_2026-08-05T05:41:10.810409,2026-08-05T05:41:10.810409,NQ,LONG,29936.75,29938.75,1,40.0,575.8,True,True,signal_invalidated,live
NQ_2026-08-05T06:00:52.248292,2026-08-05T06:00:52.248292,NQ,LONG,29924.25,29944.75,1,410.0,307.5,True,True,signal_invalidated,live
NQ_2026-08-05T06:16:07.303127,2026-08-05T06:16:07.303127,NQ,LONG,29924.0,29924.25,1,5.0,575.5,True,True,signal_invalidated,live
NQ_2026-08-05T06:40:51.885557,2026-08-05T06:40:51.885557,NQ,LONG,30020.5,29965.5,1,-1100.0,2393.7,True,True,signal_invalidated,live
NQ_2026-08-05T07:46:00.507781,2026-08-05T07:46:00.507781,NQ,SHORT,29843.5,29801.5,1,840.0,6901.9,True,True,signal_invalidated,live
NQ_2026-08-05T10:55:44.073560,2026-08-05T10:55:44.073560,NQ,SHORT,29748.0,29755.75,1,-155.0,303.2,True,True,signal_invalidated,live
NQ_2026-08-05T11:05:50.503513,2026-08-05T11:05:50.503513,NQ,SHORT,29779.5,29774.75,1,95.0,606.5,True,True,signal_invalidated,live
NQ_2026-08-05T11:50:46.232471,2026-08-05T11:50:46.232471,NQ,SHORT,29757.25,29742.0,1,305.0,303.8,True,True,signal_invalidated,live
NQ_2026-08-05T12:05:57.617845,2026-08-05T12:05:57.617845,NQ,SHORT,29767.25,29774.0,1,-135.0,606.2,True,True,signal_invalidated,live
NQ_2026-08-05T13:00:59.197531,2026-08-05T13:00:59.197531,NQ,SHORT,29578.25,29596.75,1,-370.0,3296.7,True,True,signal_invalidated,live
NQ_2026-08-05T15:41:06.612534,2026-08-05T15:41:06.612534,NQ,LONG,29664.0,29622.75,1,-825.0,1782.3,True,True,signal_invalidated,live
NQ_2026-08-05T16:56:06.961515,2026-08-05T16:56:06.961515,NQ,SHORT,29575.75,29557.5,1,365.0,2386.7,True,True,signal_invalidated,live
NQ_2026-08-05T18:30:26.471923,2026-08-05T18:30:26.471923,NQ,SHORT,29476.75,29529.0,1,-1045.0,2385.2,True,True,signal_invalidated,live
NQ_2026-08-05T19:35:53.041361,2026-08-05T19:35:53.041361,NQ,LONG,29574.75,29542.0,1,-655.0,3168.3,True,True,signal_invalidated,live
NQ_2026-08-05T23:26:09.802296,2026-08-05T23:26:09.802296,NQ,SHORT,29529.0,29535.75,1,-135.0,319.1,True,True,be_stop,live
NQ_2026-08-05T23:41:07.314424,2026-08-05T23:41:07.314424,NQ,SHORT,29498.0,29525.75,1,-555.0,1147.4,True,True,stop,live
NQ_2026-08-06T00:05:50.530570,2026-08-06T00:05:50.530570,NQ,SHORT,29514.75,29540.75,1,-520.0,60.2,True,True,stop,live
NQ_2026-08-06T00:15:59.631638,2026-08-06T00:15:59.631638,NQ,SHORT,29546.25,29550.5,1,-85.0,303.2,True,True,signal_invalidated,live
NQ_2026-08-06T01:21:10.322651,2026-08-06T01:21:10.322651,NQ,SHORT,29472.25,29488.25,1,-320.0,301.8,True,True,be_stop,live
NQ_2026-08-06T01:35:49.144729,2026-08-06T01:35:49.144729,NQ,SHORT,29521.0,29509.0,1,240.0,605.1,True,True,signal_invalidated,live
NQ_2026-08-06T02:20:51.236775,2026-08-06T02:20:51.236775,NQ,SHORT,29473.0,29482.0,1,-180.0,308.6,True,True,signal_invalidated,live
Layer I_2026-03-19T00:35:00,2026-03-19T00:35:00,NQ,SHORT,24906.0,24917.0,1,-220.0,1500.0,True,True,Layer I backtest - signal_invalidated,backtest
OTE+BOS_2026-03-19T02:20:00,2026-03-19T02:20:00,NQ,SHORT,24908.5,24879.11,1,587.86,1500.0,True,True,OTE+BOS backtest - be_stop,backtest
Layer I_2026-03-19T03:35:00,2026-03-19T03:35:00,NQ,SHORT,24827.25,24859.23,1,-639.64,900.0,True,True,Layer I backtest - stop,backtest
Layer I_2026-03-19T06:35:00,2026-03-19T06:35:00,NQ,SHORT,24812.5,24813.75,1,-25.0,600.0,True,True,Layer I backtest - signal_invalidated,backtest
Layer I_2026-03-20T00:05:00,2026-03-20T00:05:00,NQ,SHORT,24872.5,24882.5,1,-200.0,600.0,True,True,Layer I backtest - stop,backtest
OTE+BOS_2026-03-20T01:15:00,2026-03-20T01:15:00,NQ,SHORT,24878.25,24829.45,1,975.92,2100.0,True,True,OTE+BOS backtest - target,backtest
Layer I_2026-03-20T01:30:00,2026-03-20T01:30:00,NQ,SHORT,24868.0,24835.5,1,650.0,1200.0,True,True,Layer I backtest - target,backtest
Layer I_2026-03-20T02:00:00,2026-03-20T02:00:00,NQ,SHORT,24793.5,24811.29,1,-355.71,600.0,True,True,Layer I backtest - stop,backtest
Layer I_2026-03-20T04:15:00,2026-03-20T04:15:00,NQ,SHORT,24817.0,24784.5,1,650.0,1500.0,True,True,Layer I backtest - target,backtest
OTE+BOS_2026-03-20T04:30:00,2026-03-20T04:30:00,NQ,LONG,24811.75,24782.88,1,-577.5,600.0,True,True,OTE+BOS backtest - stop,backtest
Layer I_2026-03-20T04:50:00,2026-03-20T04:50:00,NQ,SHORT,24714.25,24681.75,1,650.0,600.0,True,True,Layer I backtest - target,backtest
Layer I_2026-03-20T05:20:00,2026-03-20T05:20:00,NQ,SHORT,24648.25,24682.91,1,-693.21,600.0,True,True,Layer I backtest - stop,backtest
Layer I_2026-03-22T18:50:00,2026-03-22T18:50:00,NQ,SHORT,24280.5,24305.84,1,-506.79,300.0,True,True,Layer I backtest - stop,backtest
Layer I_2026-03-22T21:45:00,2026-03-22T21:45:00,NQ,SHORT,24302.75,24325.09,1,-446.79,900.0,True,True,Layer I backtest - stop,backtest
Layer I_2026-03-22T22:20:00,2026-03-22T22:20:00,NQ,SHORT,24289.5,24257.0,1,650.0,2100.0,True,True,Layer I backtest - target,backtest
Layer I_2026-03-22T23:05:00,2026-03-22T23:05:00,NQ,SHORT,24258.75,24278.5,1,-395.0,600.0,True,True,Layer I backtest - stop,backtest
Layer I_2026-03-23T00:45:00,2026-03-23T00:45:00,NQ,SHORT,24247.5,24271.64,1,-482.86,600.0,True,True,Layer I backtest - stop,backtest
Layer I_2026-03-23T01:15:00,2026-03-23T01:15:00,NQ,SHORT,24231.5,24199.0,1,650.0,1200.0,True,True,Layer I backtest - target,backtest
Layer I_2026-03-23T01:45:00,2026-03-23T01:45:00,NQ,SHORT,24175.25,24142.75,1,650.0,600.0,True,True,Layer I backtest - target,backtest
Layer I_2026-03-23T02:05:00,2026-03-23T02:05:00,NQ,SHORT,24184.5,24213.05,1,-571.07,300.0,True,True,Layer I backtest - stop,backtest
Layer I_2026-03-23T04:45:00,2026-03-23T04:45:00,NQ,SHORT,24173.5,24207.0,1,-670.0,1200.0,True,True,Layer I backtest - stop,backtest
Layer I_2026-03-23T05:30:00,2026-03-23T05:30:00,NQ,SHORT,24165.75,24157.0,1,175.0,600.0,True,True,Layer I backtest - signal_invalidated,backtest
OTE+BOS_2026-03-23T19:00:00,2026-03-23T19:00:00,NQ,SHORT,24699.75,24623.42,1,1526.61,900.0,True,True,OTE+BOS backtest - target,backtest
Layer I_2026-03-24T00:05:00,2026-03-24T00:05:00,NQ,SHORT,24511.25,24529.11,1,-357.14,300.0,True,True,Layer I backtest - stop,backtest
Layer I_2026-03-24T01:20:00,2026-03-24T01:20:00,NQ,LONG,24620.75,24653.25,1,650.0,900.0,True,True,Layer I backtest - target,backtest
Layer I_2026-03-24T01:45:00,2026-03-24T01:45:00,NQ,LONG,24662.0,24694.5,1,650.0,300.0,True,True,Layer I backtest - target,backtest
Layer I_2026-03-24T02:00:00,2026-03-24T02:00:00,NQ,LONG,24708.5,24741.0,1,650.0,300.0,True,True,Layer I backtest - target,backtest
Layer I_2026-03-24T02:15:00,2026-03-24T02:15:00,NQ,LONG,24784.0,24753.16,1,-616.79,900.0,True,True,Layer I backtest - stop,backtest
Layer I_2026-03-24T03:10:00,2026-03-24T03:10:00,NQ,LONG,24775.5,24745.54,1,-599.29,300.0,True,True,Layer I backtest - stop,backtest
Layer I_2026-03-25T02:45:00,2026-03-25T02:45:00,NQ,LONG,24718.25,24750.75,1,650.0,900.0,True,True,Layer I backtest - target,backtest
Layer I_2026-03-25T03:10:00,2026-03-25T03:10:00,NQ,LONG,24799.5,24812.0,1,250.0,600.0,True,True,Layer I backtest - be_stop,backtest
Layer I_2026-03-25T03:40:00,2026-03-25T03:40:00,NQ,LONG,24791.5,24761.54,1,-599.29,600.0,True,True,Layer I backtest - stop,backtest
Layer I_2026-03-25T06:35:00,2026-03-25T06:35:00,NQ,LONG,24815.25,24793.96,1,-425.71,600.0,True,True,Layer I backtest - stop,backtest
OTE+BOS_2026-03-25T06:50:00,2026-03-25T06:50:00,NQ,LONG,24778.75,24813.91,1,703.21,1500.0,True,True,OTE+BOS backtest - be_stop,backtest
Layer I_2026-03-25T07:05:00,2026-03-25T07:05:00,NQ,LONG,24826.25,24798.16,1,-561.79,600.0,True,True,Layer I backtest - stop,backtest
OTE+BOS_2026-03-25T21:15:00,2026-03-25T21:15:00,NQ,SHORT,24650.0,24587.01,1,1259.85,900.0,True,True,OTE+BOS backtest - target,backtest
Layer I_2026-03-26T00:05:00,2026-03-26T00:05:00,NQ,SHORT,24605.5,24573.0,1,650.0,1200.0,True,True,Layer I backtest - target,backtest
Layer I_2026-03-26T00:35:00,2026-03-26T00:35:00,NQ,SHORT,24584.75,24566.29,1,369.11,1500.0,True,True,Layer I backtest - be_stop,backtest
Layer I_2026-03-26T01:20:00,2026-03-26T01:20:00,NQ,SHORT,24550.25,24569.75,1,-390.0,300.0,True,True,Layer I backtest - stop,backtest
Layer I_2026-03-26T03:15:00,2026-03-26T03:15:00,NQ,SHORT,24505.75,24493.25,1,250.0,1800.0,True,True,Layer I backtest - be_stop,backtest
Layer I_2026-03-26T04:05:00,2026-03-26T04:05:00,NQ,SHORT,24476.75,24444.25,1,650.0,1500.0,True,True,Layer I backtest - target,backtest
Layer I_2026-03-26T04:40:00,2026-03-26T04:40:00,NQ,SHORT,24442.5,24456.5,1,-280.0,900.0,True,True,Layer I backtest - signal_invalidated,backtest
OTE+BOS_2026-03-26T19:15:00,2026-03-26T19:15:00,NQ,SHORT,24163.0,24150.5,1,250.0,900.0,True,True,OTE+BOS backtest - be_stop,backtest
Layer I_2026-03-27T00:05:00,2026-03-27T00:05:00,NQ,LONG,24243.75,24276.25,1,650.0,600.0,True,True,Layer I backtest - target,backtest
Layer I_2026-03-27T00:25:00,2026-03-27T00:25:00,NQ,LONG,24242.0,24237.0,1,-100.0,1200.0,True,True,Layer I backtest - signal_invalidated,backtest
OTE+BOS_2026-03-27T03:00:00,2026-03-27T03:00:00,NQ,SHORT,24159.75,24147.25,1,250.0,600.0,True,True,OTE+BOS backtest - be_stop,backtest
Layer I_2026-03-27T03:05:00,2026-03-27T03:05:00,NQ,SHORT,24131.5,24099.0,1,650.0,1200.0,True,True,Layer I backtest - target,backtest
Layer I_2026-03-27T03:35:00,2026-03-27T03:35:00,NQ,SHORT,24084.5,24052.0,1,650.0,1800.0,True,True,Layer I backtest - target,backtest
Layer I_2026-03-27T04:15:00,2026-03-27T04:15:00,NQ,SHORT,24068.5,24100.5,1,-640.0,900.0,True,True,Layer I backtest - stop,backtest
Layer I_2026-03-27T05:30:00,2026-03-27T05:30:00,NQ,SHORT,24023.5,23991.0,1,650.0,300.0,True,True,Layer I backtest - target,backtest
OTE+BOS_2026-03-27T08:30:00,2026-03-27T08:30:00,NQ,SHORT,23865.5,23899.95,1,-688.93,300.0,True,True,OTE+BOS backtest - stop,backtest
Layer I_2026-03-29T17:05:00,2026-03-29T17:05:00,NQ,SHORT,23464.5,23495.09,1,-611.79,300.0,True,True,Layer I backtest - stop,backtest
Layer I_2026-03-29T18:35:00,2026-03-29T18:35:00,NQ,SHORT,23458.5,23426.0,1,650.0,900.0,True,True,Layer I backtest - target,backtest
Layer I_2026-03-29T19:00:00,2026-03-29T19:00:00,NQ,SHORT,23404.75,23434.36,1,-592.14,300.0,True,True,Layer I backtest - stop,backtest
Layer I_2026-03-29T21:50:00,2026-03-29T21:50:00,NQ,LONG,23553.5,23586.0,1,650.0,900.0,True,True,Layer I backtest - target,backtest
Layer I_2026-03-29T22:15:00,2026-03-29T22:15:00,NQ,LONG,23597.25,23629.75,1,650.0,4200.0,True,True,Layer I backtest - target,backtest
Layer I_2026-03-29T23:35:00,2026-03-29T23:35:00,NQ,LONG,23637.0,23620.41,1,-331.79,600.0,True,True,Layer I backtest - stop,backtest
Layer I_2026-03-30T00:05:00,2026-03-30T00:05:00,NQ,LONG,23654.25,23637.27,1,-339.64,300.0,True,True,Layer I backtest - stop,backtest
Layer I_2026-03-30T01:00:00,2026-03-30T01:00:00,NQ,LONG,23664.0,23663.0,1,-20.0,900.0,True,True,Layer I backtest - signal_invalidated,backtest
Layer I_2026-03-30T01:35:00,2026-03-30T01:35:00,NQ,LONG,23683.75,23716.25,1,650.0,900.0,True,True,Layer I backtest - target,backtest
Layer I_2026-03-30T02:10:00,2026-03-30T02:10:00,NQ,LONG,23691.75,23685.25,1,-130.0,300.0,True,True,Layer I backtest - signal_invalidated,backtest
OTE+BOS_2026-03-30T03:00:00,2026-03-30T03:00:00,NQ,LONG,23705.5,23724.12,1,372.32,2700.0,True,True,OTE+BOS backtest - be_stop,backtest
Layer I_2026-03-30T03:15:00,2026-03-30T03:15:00,NQ,LONG,23726.5,23703.86,1,-452.86,3600.0,True,True,Layer I backtest - stop,backtest
Layer I_2026-03-30T06:10:00,2026-03-30T06:10:00,NQ,LONG,23732.0,23764.5,1,650.0,300.0,True,True,Layer I backtest - target,backtest
Layer I_2026-03-31T01:55:00,2026-03-31T01:55:00,NQ,SHORT,23593.5,23561.0,1,650.0,900.0,True,True,Layer I backtest - target,backtest
Layer I_2026-03-31T03:20:00,2026-03-31T03:20:00,NQ,LONG,23639.5,23629.0,1,-210.0,300.0,True,True,Layer I backtest - signal_invalidated,backtest
Layer I_2026-03-31T14:00:00,2026-03-31T14:00:00,NQ,LONG,24170.5,24135.66,1,-696.79,300.0,True,True,Layer I backtest - stop,backtest
Layer I_2026-03-31T14:25:00,2026-03-31T14:25:00,NQ,LONG,24184.25,24216.75,1,650.0,600.0,True,True,Layer I backtest - target,backtest
Layer I_2026-03-31T14:45:00,2026-03-31T14:45:00,NQ,LONG,24239.75,24209.59,1,-603.21,300.0,True,True,Layer I backtest - stop,backtest
Layer I_2026-03-31T18:30:00,2026-03-31T18:30:00,NQ,LONG,24297.5,24330.0,1,650.0,1500.0,True,True,Layer I backtest - target,backtest
Layer I_2026-04-01T00:20:00,2026-04-01T00:20:00,NQ,LONG,24355.5,24342.62,1,-257.5,900.0,True,True,Layer I backtest - stop,backtest
Layer I_2026-04-01T00:55:00,2026-04-01T00:55:00,NQ,LONG,24342.75,24342.5,1,-5.0,300.0,True,True,Layer I backtest - signal_invalidated,backtest
Layer I_2026-04-01T01:15:00,2026-04-01T01:15:00,NQ,LONG,24395.75,24428.25,1,650.0,600.0,True,True,Layer I backtest - target,backtest
Layer I_2026-04-01T01:35:00,2026-04-01T01:35:00,NQ,LONG,24454.5,24445.5,1,-180.0,2400.0,True,True,Layer I backtest - signal_invalidated,backtest
Layer I_2026-04-01T06:50:00,2026-04-01T06:50:00,NQ,LONG,24490.5,24469.2,1,-426.07,1200.0,True,True,Layer I backtest - stop,backtest
Layer I_2026-04-01T10:50:00,2026-04-01T10:50:00,NQ,LONG,24602.5,24612.75,1,205.0,2700.0,True,True,Layer I backtest - signal_invalidated,backtest
OTE+BOS_2026-04-01T19:30:00,2026-04-01T19:30:00,NQ,LONG,24478.5,24512.61,1,682.14,1200.0,True,True,OTE+BOS backtest - be_stop,backtest
OTE+BOS_2026-04-01T20:00:00,2026-04-01T20:00:00,NQ,SHORT,24451.25,24483.55,1,-646.07,600.0,True,True,OTE+BOS backtest - stop,backtest
Layer I_2026-04-02T00:40:00,2026-04-02T00:40:00,NQ,SHORT,24083.25,24070.75,1,250.0,1200.0,True,True,Layer I backtest - be_stop,backtest
Layer I_2026-04-02T06:15:00,2026-04-02T06:15:00,NQ,SHORT,24046.5,24014.0,1,650.0,1200.0,True,True,Layer I backtest - target,backtest
Layer I_2026-04-02T06:45:00,2026-04-02T06:45:00,NQ,SHORT,24016.25,23983.75,1,650.0,600.0,True,True,Layer I backtest - target,backtest
Layer I_2026-04-02T07:05:00,2026-04-02T07:05:00,NQ,SHORT,23985.0,24009.8,1,-496.07,900.0,True,True,Layer I backtest - stop,backtest
Layer I_2026-04-02T15:05:00,2026-04-02T15:05:00,NQ,LONG,24502.5,24535.0,1,650.0,1200.0,True,True,Layer I backtest - target,backtest
Layer I_2026-04-02T15:35:00,2026-04-02T15:35:00,NQ,LONG,24511.75,24516.0,1,85.0,300.0,True,True,Layer I backtest - signal_invalidated,backtest
Layer I_2026-04-03T01:35:00,2026-04-03T01:35:00,NQ,SHORT,24453.75,24462.86,1,-182.14,600.0,True,True,Layer I backtest - stop,backtest
Layer I_2026-04-03T02:05:00,2026-04-03T02:05:00,NQ,SHORT,24425.75,24437.12,1,-227.5,600.0,True,True,Layer I backtest - stop,backtest
Layer I_2026-04-03T04:15:00,2026-04-03T04:15:00,NQ,SHORT,24448.25,24447.25,1,20.0,900.0,True,True,Layer I backtest - signal_invalidated,backtest
Layer I_2026-04-03T05:40:00,2026-04-03T05:40:00,NQ,SHORT,24438.25,24443.5,1,-105.0,300.0,True,True,Layer I backtest - signal_invalidated,backtest
Layer I_2026-04-05T20:05:00,2026-04-05T20:05:00,NQ,LONG,24520.75,24506.0,1,-295.0,2400.0,True,True,Layer I backtest - signal_invalidated,backtest
Layer I_2026-04-05T21:15:00,2026-04-05T21:15:00,NQ,LONG,24595.25,24627.75,1,650.0,300.0,True,True,Layer I backtest - target,backtest
Layer I_2026-04-05T21:30:00,2026-04-05T21:30:00,NQ,LONG,24605.0,24578.11,1,-537.86,600.0,True,True,Layer I backtest - stop,backtest
Layer I_2026-04-05T23:30:00,2026-04-05T23:30:00,NQ,LONG,24546.25,24546.0,1,-5.0,3600.0,True,True,Layer I backtest - signal_invalidated,backtest
OTE+BOS_2026-04-06T01:05:00,2026-04-06T01:05:00,NQ,LONG,24548.5,24561.0,1,250.0,600.0,True,True,OTE+BOS backtest - be_stop,backtest
Layer I_2026-04-06T02:40:00,2026-04-06T02:40:00,NQ,LONG,24577.0,24609.5,1,650.0,600.0,True,True,Layer I backtest - target,backtest
Layer I_2026-04-06T03:00:00,2026-04-06T03:00:00,NQ,LONG,24636.25,24668.75,1,650.0,1800.0,True,True,Layer I backtest - target,backtest
Layer I_2026-04-06T03:40:00,2026-04-06T03:40:00,NQ,LONG,24690.5,24667.07,1,-468.57,600.0,True,True,Layer I backtest - stop,backtest
Layer I_2026-04-06T04:10:00,2026-04-06T04:10:00,NQ,LONG,24680.5,24677.5,1,-60.0,600.0,True,True,Layer I backtest - signal_invalidated,backtest
Layer I_2026-04-06T04:35:00,2026-04-06T04:35:00,NQ,LONG,24680.5,24672.25,1,-165.0,300.0,True,True,Layer I backtest - signal_invalidated,backtest
OTE+BOS_2026-04-06T17:15:00,2026-04-06T17:15:00,NQ,SHORT,24668.5,24626.11,1,847.82,300.0,True,True,OTE+BOS backtest - target,backtest
OTE+BOS_2026-04-06T19:30:00,2026-04-06T19:30:00,NQ,SHORT,24618.75,24552.65,1,1321.92,2400.0,True,True,OTE+BOS backtest - target,backtest
Layer I_2026-04-07T01:50:00,2026-04-07T01:50:00,NQ,LONG,24537.0,24531.25,1,-115.0,1500.0,True,True,Layer I backtest - signal_invalidated,backtest
OTE+BOS_2026-04-07T03:00:00,2026-04-07T03:00:00,NQ,LONG,24577.5,24670.27,1,1855.44,1200.0,True,True,OTE+BOS backtest - target,backtest
Layer I_2026-04-07T03:00:00,2026-04-07T03:00:00,NQ,LONG,24577.5,24610.0,1,650.0,600.0,True,True,Layer I backtest - target,backtest
Layer I_2026-04-07T03:20:00,2026-04-07T03:20:00,NQ,LONG,24657.25,24689.75,1,650.0,3000.0,True,True,Layer I backtest - target,backtest
Layer I_2026-04-07T04:20:00,2026-04-07T04:20:00,NQ,LONG,24696.5,24688.0,1,-170.0,1200.0,True,True,Layer I backtest - signal_invalidated,backtest
Layer I_2026-04-07T06:50:00,2026-04-07T06:50:00,NQ,SHORT,24510.5,24478.0,1,650.0,900.0,True,True,Layer I backtest - target,backtest
Layer I_2026-04-07T19:50:00,2026-04-07T19:50:00,NQ,LONG,25393.25,25359.91,1,-666.79,1800.0,True,True,Layer I backtest - stop,backtest
OTE+BOS_2026-04-07T23:00:00,2026-04-07T23:00:00,NQ,LONG,25417.25,25454.49,1,744.82,900.0,True,True,OTE+BOS backtest - target,backtest
OTE+BOS_2026-04-08T00:15:00,2026-04-08T00:15:00,NQ,LONG,25435.0,25455.59,1,411.79,1200.0,True,True,OTE+BOS backtest - be_stop,backtest
Layer I_2026-04-08T00:30:00,2026-04-08T00:30:00,NQ,LONG,25462.5,25448.84,1,-273.21,300.0,True,True,Layer I backtest - stop,backtest
Layer I_2026-04-08T00:55:00,2026-04-08T00:55:00,NQ,LONG,25493.75,25476.14,1,-352.14,1500.0,True,True,Layer I backtest - stop,backtest
Layer I_2026-04-08T03:45:00,2026-04-08T03:45:00,NQ,LONG,25488.75,25521.25,1,650.0,600.0,True,True,Layer I backtest - target,backtest
OTE+BOS_2026-04-08T03:45:00,2026-04-08T03:45:00,NQ,LONG,25488.75,25528.54,1,795.71,1800.0,True,True,OTE+BOS backtest - be_stop,backtest
Layer I_2026-04-08T04:05:00,2026-04-08T04:05:00,NQ,LONG,25519.75,25497.46,1,-445.71,2100.0,True,True,Layer I backtest - stop,backtest
OTE+BOS_2026-04-08T08:30:00,2026-04-08T08:30:00,NQ,SHORT,25465.0,25416.35,1,973.04,900.0,True,True,OTE+BOS backtest - be_stop,backtest
Layer I_2026-04-08T08:40:00,2026-04-08T08:40:00,NQ,SHORT,25401.0,25435.95,1,-698.93,300.0,True,True,Layer I backtest - stop,backtest
Layer I_2026-04-08T12:45:00,2026-04-08T12:45:00,NQ,SHORT,25389.75,25410.8,1,-421.07,900.0,True,True,Layer I backtest - stop,backtest
Layer I_2026-04-09T00:30:00,2026-04-09T00:30:00,NQ,LONG,25333.0,25325.25,1,-155.0,1200.0,True,True,Layer I backtest - signal_invalidated,backtest
Layer I_2026-04-09T01:00:00,2026-04-09T01:00:00,NQ,LONG,25353.0,25340.12,1,-257.5,300.0,True,True,Layer I backtest - stop,backtest
Layer I_2026-04-09T02:35:00,2026-04-09T02:35:00,NQ,SHORT,25300.25,25267.75,1,650.0,600.0,True,True,Layer I backtest - target,backtest
Layer I_2026-04-09T02:55:00,2026-04-09T02:55:00,NQ,SHORT,25286.5,25271.68,1,296.43,1500.0,True,True,Layer I backtest - be_stop,backtest
Layer I_2026-04-09T07:05:00,2026-04-09T07:05:00,NQ,LONG,25347.75,25332.95,1,-296.07,900.0,True,True,Layer I backtest - stop,backtest
Layer I_2026-04-09T08:40:00,2026-04-09T08:40:00,NQ,LONG,25401.5,25369.39,1,-642.14,300.0,True,True,Layer I backtest - stop,backtest
OTE+BOS_2026-04-09T10:20:00,2026-04-09T10:20:00,NQ,SHORT,25391.25,25378.75,1,250.0,600.0,True,True,OTE+BOS backtest - be_stop,backtest
Layer I_2026-04-10T01:15:00,2026-04-10T01:15:00,NQ,SHORT,25541.75,25540.5,1,25.0,3900.0,True,True,Layer I backtest - signal_invalidated,backtest
OTE+BOS_2026-04-10T03:00:00,2026-04-10T03:00:00,NQ,SHORT,25530.0,25542.89,1,-257.86,4500.0,True,True,OTE+BOS backtest - stop,backtest
Layer I_2026-04-10T03:15:00,2026-04-10T03:15:00,NQ,SHORT,25514.5,25528.48,1,-279.64,600.0,True,True,Layer I backtest - stop,backtest
Layer I_2026-04-10T04:05:00,2026-04-10T04:05:00,NQ,SHORT,25507.75,25520.41,1,-253.21,600.0,True,True,Layer I backtest - stop,backtest
Layer I_2026-04-10T05:35:00,2026-04-10T05:35:00,NQ,LONG,25563.0,25575.5,1,250.0,2100.0,True,True,Layer I backtest - be_stop,backtest
Layer I_2026-04-10T06:30:00,2026-04-10T06:30:00,NQ,LONG,25595.0,25582.55,1,-248.93,600.0,True,True,Layer I backtest - stop,backtest
Layer I_2026-04-10T10:10:00,2026-04-10T10:10:00,NQ,LONG,25671.25,25649.5,1,-435.0,900.0,True,True,Layer I backtest - signal_invalidated,backtest
OTE+BOS_2026-04-10T10:40:00,2026-04-10T10:40:00,NQ,LONG,25605.0,25572.91,1,-641.79,900.0,True,True,OTE+BOS backtest - stop,backtest
Layer I_2026-04-12T18:20:00,2026-04-12T18:20:00,NQ,SHORT,25239.75,25260.61,1,-417.14,1800.0,True,True,Layer I backtest - stop,backtest
Layer I_2026-04-13T00:00:00,2026-04-13T00:00:00,NQ,LONG,25380.25,25369.43,1,-216.43,600.0,True,True,Layer I backtest - stop,backtest
Layer I_2026-04-13T01:15:00,2026-04-13T01:15:00,NQ,LONG,25405.75,25393.09,1,-253.21,3900.0,True,True,Layer I backtest - stop,backtest
Layer I_2026-04-13T05:55:00,2026-04-13T05:55:00,NQ,LONG,25458.25,25490.75,1,650.0,300.0,True,True,Layer I backtest - target,backtest
Layer I_2026-04-13T06:10:00,2026-04-13T06:10:00,NQ,LONG,25463.75,25449.66,1,-281.79,300.0,True,True,Layer I backtest - stop,backtest
OTE+BOS_2026-04-13T06:40:00,2026-04-13T06:40:00,NQ,LONG,25424.25,25405.82,1,-368.57,600.0,True,True,OTE+BOS backtest - stop,backtest
Layer I_2026-04-13T07:45:00,2026-04-13T07:45:00,NQ,LONG,25469.0,25501.5,1,650.0,2100.0,True,True,Layer I backtest - target,backtest
OTE+BOS_2026-04-13T07:55:00,2026-04-13T07:55:00,NQ,SHORT,25470.25,25487.57,1,-346.43,1200.0,True,True,OTE+BOS backtest - stop,backtest
Layer I_2026-04-13T08:30:00,2026-04-13T08:30:00,NQ,LONG,25522.5,25502.18,1,-406.43,300.0,True,True,Layer I backtest - stop,backtest
OTE+BOS_2026-04-13T11:15:00,2026-04-13T11:15:00,NQ,LONG,25630.0,25672.38,1,847.5,900.0,True,True,OTE+BOS backtest - be_stop,backtest
Layer I_2026-04-14T00:05:00,2026-04-14T00:05:00,NQ,LONG,25894.25,25895.25,1,20.0,600.0,True,True,Layer I backtest - signal_invalidated,backtest
Layer I_2026-04-14T00:35:00,2026-04-14T00:35:00,NQ,SHORT,25875.25,25881.5,1,-125.0,300.0,True,True,Layer I backtest - stop,backtest
Layer I_2026-04-14T01:00:00,2026-04-14T01:00:00,NQ,SHORT,25879.0,25885.91,1,-138.21,2100.0,True,True,Layer I backtest - stop,backtest
OTE+BOS_2026-04-14T01:45:00,2026-04-14T01:45:00,NQ,SHORT,25884.0,25892.5,1,-170.0,900.0,True,True,OTE+BOS backtest - stop,backtest
OTE+BOS_2026-04-14T02:00:00,2026-04-14T02:00:00,NQ,LONG,25908.25,25920.75,1,250.0,600.0,True,True,OTE+BOS backtest - be_stop,backtest
Layer I_2026-04-14T02:20:00,2026-04-14T02:20:00,NQ,LONG,25914.5,25914.5,1,0.0,1800.0,True,True,Layer I backtest - signal_invalidated,backtest
Layer I_2026-04-14T03:00:00,2026-04-14T03:00:00,NQ,LONG,25927.0,25934.0,1,140.0,900.0,True,True,Layer I backtest - signal_invalidated,backtest
Layer I_2026-04-14T03:25:00,2026-04-14T03:25:00,NQ,LONG,25946.25,25965.28,1,380.54,3000.0,True,True,Layer I backtest - be_stop,backtest
OTE+BOS_2026-04-14T08:30:00,2026-04-14T08:30:00,NQ,LONG,26020.0,26032.5,1,250.0,900.0,True,True,OTE+BOS backtest - be_stop,backtest
Layer I_2026-04-15T00:05:00,2026-04-15T00:05:00,NQ,SHORT,26312.0,26321.75,1,-195.0,300.0,True,True,Layer I backtest - stop,backtest
Layer I_2026-04-15T00:30:00,2026-04-15T00:30:00,NQ,SHORT,26285.5,26278.75,1,135.0,3000.0,True,True,Layer I backtest - signal_invalidated,backtest
Layer I_2026-04-15T03:50:00,2026-04-15T03:50:00,NQ,LONG,26333.5,26320.75,1,-255.0,600.0,True,True,Layer I backtest - stop,backtest
Layer I_2026-04-15T05:35:00,2026-04-15T05:35:00,NQ,SHORT,26254.25,26270.62,1,-327.5,300.0,True,True,Layer I backtest - stop,backtest
OTE+BOS_2026-04-15T06:55:00,2026-04-15T06:55:00,NQ,SHORT,26299.75,26282.77,1,339.64,1500.0,True,True,OTE+BOS backtest - be_stop,backtest
Layer I_2026-04-15T08:35:00,2026-04-15T08:35:00,NQ,LONG,26353.0,26332.86,1,-402.86,300.0,True,True,Layer I backtest - stop,backtest
OTE+BOS_2026-04-15T08:45:00,2026-04-15T08:45:00,NQ,LONG,26338.75,26351.25,1,250.0,900.0,True,True,OTE+BOS backtest - be_stop,backtest
Layer I_2026-04-16T01:05:00,2026-04-16T01:05:00,NQ,LONG,26780.25,26768.71,1,-230.71,900.0,True,True,Layer I backtest - stop,backtest
Layer I_2026-04-16T01:40:00,2026-04-16T01:40:00,NQ,LONG,26778.25,26766.82,1,-228.57,1500.0,True,True,Layer I backtest - stop,backtest
Layer I_2026-04-16T05:30:00,2026-04-16T05:30:00,NQ,SHORT,26710.5,26678.0,1,650.0,900.0,True,True,Layer I backtest - target,backtest
Layer I_2026-04-16T05:55:00,2026-04-16T05:55:00,NQ,SHORT,26707.5,26723.04,1,-310.71,600.0,True,True,Layer I backtest - stop,backtest
Layer I_2026-04-16T10:20:00,2026-04-16T10:20:00,NQ,LONG,26791.0,26758.07,1,-658.57,600.0,True,True,Layer I backtest - stop,backtest
Layer I_2026-04-16T11:00:00,2026-04-16T11:00:00,NQ,LONG,26841.5,26806.68,1,-696.43,1800.0,True,True,Layer I backtest - stop,backtest
OTE+BOS_2026-04-16T13:00:00,2026-04-16T13:00:00,NQ,SHORT,26746.5,26688.86,1,1152.86,1800.0,True,True,OTE+BOS backtest - be_stop,backtest
OTE+BOS_2026-04-16T19:35:00,2026-04-16T19:35:00,NQ,SHORT,26788.5,26763.2,1,506.07,9900.0,True,True,OTE+BOS backtest - be_stop,backtest
OTE+BOS_2026-04-16T23:25:00,2026-04-16T23:25:00,NQ,SHORT,26777.25,26754.34,1,458.25,2100.0,True,True,OTE+BOS backtest - target,backtest
Layer I_2026-04-17T00:20:00,2026-04-17T00:20:00,NQ,SHORT,26757.25,26765.89,1,-172.86,1200.0,True,True,Layer I backtest - stop,backtest
Layer I_2026-04-17T02:45:00,2026-04-17T02:45:00,NQ,LONG,26781.75,26814.25,1,650.0,3300.0,True,True,Layer I backtest - target,backtest
Layer I_2026-04-17T03:50:00,2026-04-17T03:50:00,NQ,LONG,26820.5,26810.27,1,-204.64,1500.0,True,True,Layer I backtest - stop,backtest
Layer I_2026-04-17T04:50:00,2026-04-17T04:50:00,NQ,LONG,26833.75,26822.75,1,-220.0,2100.0,True,True,Layer I backtest - stop,backtest
Layer I_2026-04-17T06:30:00,2026-04-17T06:30:00,NQ,LONG,26852.5,26842.2,1,-206.07,600.0,True,True,Layer I backtest - stop,backtest
Layer I_2026-04-19T19:05:00,2026-04-19T19:05:00,NQ,SHORT,26927.0,26945.52,1,-370.36,600.0,True,True,Layer I backtest - stop,backtest
Layer I_2026-04-20T00:25:00,2026-04-20T00:25:00,NQ,SHORT,26949.75,26917.25,1,650.0,900.0,True,True,Layer I backtest - target,backtest
Layer I_2026-04-20T00:50:00,2026-04-20T00:50:00,NQ,SHORT,26937.75,26951.62,1,-277.5,600.0,True,True,Layer I backtest - stop,backtest
Layer I_2026-04-20T03:10:00,2026-04-20T03:10:00,NQ,SHORT,26947.75,26950.75,1,-60.0,300.0,True,True,Layer I backtest - signal_invalidated,backtest
OTE+BOS_2026-04-20T03:10:00,2026-04-20T03:10:00,NQ,LONG,26947.75,26994.32,1,931.43,3600.0,True,True,OTE+BOS backtest - be_stop,backtest
Layer I_2026-04-20T03:55:00,2026-04-20T03:55:00,NQ,LONG,26997.25,26995.75,1,-30.0,3600.0,True,True,Layer I backtest - signal_invalidated,backtest
OTE+BOS_2026-04-20T15:30:00,2026-04-20T15:30:00,NQ,LONG,27086.25,27069.2,1,-341.07,5400.0,True,True,OTE+BOS backtest - stop,backtest
OTE+BOS_2026-04-20T23:25:00,2026-04-20T23:25:00,NQ,SHORT,27125.5,27132.2,1,-133.93,600.0,True,True,OTE+BOS backtest - stop,backtest
Layer I_2026-04-21T00:05:00,2026-04-21T00:05:00,NQ,LONG,27140.25,27133.55,1,-133.93,1500.0,True,True,Layer I backtest - stop,backtest
Layer I_2026-04-21T01:45:00,2026-04-21T01:45:00,NQ,LONG,27150.5,27149.25,1,-25.0,300.0,True,True,Layer I backtest - signal_invalidated,backtest
OTE+BOS_2026-04-21T03:50:00,2026-04-21T03:50:00,NQ,SHORT,27147.0,27124.39,1,452.14,1500.0,True,True,OTE+BOS backtest - be_stop,backtest
Layer I_2026-04-21T05:35:00,2026-04-21T05:35:00,NQ,LONG,27161.75,27152.07,1,-193.57,1800.0,True,True,Layer I backtest - stop,backtest
Layer I_2026-04-22T00:05:00,2026-04-22T00:05:00,NQ,SHORT,27091.75,27102.36,1,-212.14,600.0,True,True,Layer I backtest - stop,backtest
Layer I_2026-04-22T02:10:00,2026-04-22T02:10:00,NQ,LONG,27146.25,27134.8,1,-228.93,300.0,True,True,Layer I backtest - stop,backtest
Layer I_2026-04-22T02:35:00,2026-04-22T02:35:00,NQ,LONG,27150.75,27146.25,1,-90.0,1200.0,True,True,Layer I backtest - signal_invalidated,backtest
OTE+BOS_2026-04-22T12:00:00,2026-04-22T12:00:00,NQ,LONG,27300.0,27329.83,1,596.61,2700.0,True,True,OTE+BOS backtest - be_stop,backtest
OTE+BOS_2026-04-22T19:05:00,2026-04-22T19:05:00,NQ,SHORT,27347.25,27312.32,1,698.6,300.0,True,True,OTE+BOS backtest - target,backtest
Layer I_2026-04-23T01:35:00,2026-04-23T01:35:00,NQ,LONG,27298.0,27284.23,1,-275.36,1200.0,True,True,Layer I backtest - stop,backtest
Layer I_2026-04-23T07:05:00,2026-04-23T07:05:00,NQ,LONG,27370.75,27344.3,1,-528.93,600.0,True,True,Layer I backtest - stop,backtest
Layer I_2026-04-23T10:15:00,2026-04-23T10:15:00,NQ,LONG,27439.25,27405.98,1,-665.36,1800.0,True,True,Layer I backtest - stop,backtest
OTE+BOS_2026-04-23T12:00:00,2026-04-23T12:00:00,NQ,SHORT,27316.0,27195.17,1,2416.69,900.0,True,True,OTE+BOS backtest - target,backtest
OTE+BOS_2026-04-24T02:00:00,2026-04-24T02:00:00,NQ,LONG,27396.5,27384.57,1,-238.57,2100.0,True,True,OTE+BOS backtest - stop,backtest
Layer I_2026-04-24T05:05:00,2026-04-24T05:05:00,NQ,LONG,27425.0,27457.5,1,650.0,600.0,True,True,Layer I backtest - target,backtest
Layer I_2026-04-24T05:25:00,2026-04-24T05:25:00,NQ,LONG,27484.5,27517.0,1,650.0,2100.0,True,True,Layer I backtest - target,backtest
Layer I_2026-04-24T06:10:00,2026-04-24T06:10:00,NQ,LONG,27581.75,27614.25,1,650.0,600.0,True,True,Layer I backtest - target,backtest
Layer I_2026-04-24T06:30:00,2026-04-24T06:30:00,NQ,LONG,27636.5,27603.7,1,-656.07,600.0,True,True,Layer I backtest - stop,backtest
Layer I_2026-04-24T10:35:00,2026-04-24T10:35:00,NQ,LONG,27615.75,27648.25,1,650.0,300.0,True,True,Layer I backtest - target,backtest
Layer I_2026-04-24T11:00:00,2026-04-24T11:00:00,NQ,LONG,27695.0,27727.5,1,650.0,1800.0,True,True,Layer I backtest - target,backtest
Layer I_2026-04-26T17:35:00,2026-04-26T17:35:00,NQ,SHORT,27678.25,27685.25,1,-140.0,600.0,True,True,Layer I backtest - signal_invalidated,backtest
Layer I_2026-04-26T20:05:00,2026-04-26T20:05:00,NQ,LONG,27767.5,27800.0,1,650.0,1500.0,True,True,Layer I backtest - target,backtest
Layer I_2026-04-26T20:40:00,2026-04-26T20:40:00,NQ,LONG,27816.25,27824.0,1,155.0,2700.0,True,True,Layer I backtest - signal_invalidated,backtest
OTE+BOS_2026-04-27T00:00:00,2026-04-27T00:00:00,NQ,SHORT,27802.5,27764.2,1,765.95,1500.0,True,True,OTE+BOS backtest - target,backtest
Layer I_2026-04-27T00:35:00,2026-04-27T00:35:00,NQ,SHORT,27754.0,27748.0,1,120.0,4200.0,True,True,Layer I backtest - signal_invalidated,backtest
Layer I_2026-04-27T01:55:00,2026-04-27T01:55:00,NQ,SHORT,27735.5,27703.0,1,650.0,4200.0,True,True,Layer I backtest - target,backtest
Layer I_2026-04-27T06:05:00,2026-04-27T06:05:00,NQ,LONG,27787.75,27787.25,1,-10.0,2400.0,True,True,Layer I backtest - signal_invalidated,backtest
Layer I_2026-04-27T08:20:00,2026-04-27T08:20:00,NQ,SHORT,27715.25,27682.75,1,650.0,600.0,True,True,Layer I backtest - target,backtest
Layer I_2026-04-27T13:25:00,2026-04-27T13:25:00,NQ,LONG,27730.0,27725.75,1,-85.0,300.0,True,True,Layer I backtest - signal_invalidated,backtest
Layer I_2026-04-27T14:50:00,2026-04-27T14:50:00,NQ,LONG,27740.25,27723.45,1,-336.07,900.0,True,True,Layer I backtest - stop,backtest
OTE+BOS_2026-04-27T17:00:00,2026-04-27T17:00:00,NQ,LONG,27739.25,27786.59,1,946.87,300.0,True,True,OTE+BOS backtest - target,backtest
OTE+BOS_2026-04-27T19:15:00,2026-04-27T19:15:00,NQ,SHORT,27787.25,27764.79,1,449.29,3900.0,True,True,OTE+BOS backtest - be_stop,backtest
OTE+BOS_2026-04-28T00:00:00,2026-04-28T00:00:00,NQ,SHORT,27712.5,27679.49,1,660.3,600.0,True,True,OTE+BOS backtest - target,backtest
Layer I_2026-04-28T00:10:00,2026-04-28T00:10:00,NQ,SHORT,27689.0,27656.5,1,650.0,1500.0,True,True,Layer I backtest - target,backtest
Layer I_2026-04-28T00:45:00,2026-04-28T00:45:00,NQ,SHORT,27664.0,27678.07,1,-281.43,1500.0,True,True,Layer I backtest - stop,backtest
Layer I_2026-04-28T01:40:00,2026-04-28T01:40:00,NQ,SHORT,27636.5,27629.75,1,135.0,2700.0,True,True,Layer I backtest - signal_invalidated,backtest
Layer I_2026-04-28T04:30:00,2026-04-28T04:30:00,NQ,SHORT,27595.25,27562.75,1,650.0,900.0,True,True,Layer I backtest - target,backtest
Layer I_2026-04-28T04:55:00,2026-04-28T04:55:00,NQ,SHORT,27585.75,27553.25,1,650.0,1200.0,True,True,Layer I backtest - target,backtest
Layer I_2026-04-28T05:25:00,2026-04-28T05:25:00,NQ,SHORT,27571.5,27563.5,1,160.0,1800.0,True,True,Layer I backtest - signal_invalidated,backtest
Layer I_2026-04-29T02:35:00,2026-04-29T02:35:00,NQ,SHORT,27554.5,27522.0,1,650.0,600.0,True,True,Layer I backtest - target,backtest
Layer I_2026-04-29T02:55:00,2026-04-29T02:55:00,NQ,SHORT,27539.25,27557.39,1,-362.86,300.0,True,True,Layer I backtest - stop,backtest
Layer I_2026-04-29T03:35:00,2026-04-29T03:35:00,NQ,SHORT,27518.25,27540.39,1,-442.86,300.0,True,True,Layer I backtest - stop,backtest
Layer I_2026-04-29T18:10:00,2026-04-29T18:10:00,NQ,LONG,27777.5,27760.25,1,-345.0,600.0,True,True,Layer I backtest - signal_invalidated,backtest
OTE+BOS_2026-04-29T18:30:00,2026-04-29T18:30:00,NQ,LONG,27782.0,27812.55,1,611.07,900.0,True,True,OTE+BOS backtest - be_stop,backtest
Layer I_2026-04-30T00:05:00,2026-04-30T00:05:00,NQ,SHORT,27586.0,27606.75,1,-415.0,300.0,True,True,Layer I backtest - signal_invalidated,backtest
OTE+BOS_2026-04-30T00:45:00,2026-04-30T00:45:00,NQ,SHORT,27569.25,27521.8,1,948.93,1800.0,True,True,OTE+BOS backtest - be_stop,backtest
Layer I_2026-04-30T01:20:00,2026-04-30T01:20:00,NQ,SHORT,27513.5,27537.43,1,-478.57,300.0,True,True,Layer I backtest - stop,backtest
Layer I_2026-04-30T04:35:00,2026-04-30T04:35:00,NQ,LONG,27709.0,27681.73,1,-545.36,300.0,True,True,Layer I backtest - stop,backtest
OTE+BOS_2026-04-30T08:30:00,2026-04-30T08:30:00,NQ,SHORT,27646.75,27634.25,1,250.0,600.0,True,True,OTE+BOS backtest - be_stop,backtest
OTE+BOS_2026-04-30T12:00:00,2026-04-30T12:00:00,NQ,LONG,27715.0,27727.5,1,250.0,900.0,True,True,OTE+BOS backtest - be_stop,backtest
Layer I_2026-05-01T01:20:00,2026-05-01T01:20:00,NQ,SHORT,27918.0,27919.5,1,-30.0,2700.0,True,True,Layer I backtest - signal_invalidated,backtest
Layer I_2026-05-01T02:40:00,2026-05-01T02:40:00,NQ,SHORT,27885.5,27897.41,1,-238.21,300.0,True,True,Layer I backtest - stop,backtest
Layer I_2026-05-01T03:15:00,2026-05-01T03:15:00,NQ,SHORT,27890.25,27857.75,1,650.0,1800.0,True,True,Layer I backtest - target,backtest
Layer I_2026-05-01T03:55:00,2026-05-01T03:55:00,NQ,SHORT,27868.25,27862.25,1,120.0,2100.0,True,True,Layer I backtest - signal_invalidated,backtest
Layer I_2026-05-01T06:30:00,2026-05-01T06:30:00,NQ,SHORT,27846.0,27859.96,1,-279.29,900.0,True,True,Layer I backtest - stop,backtest
OTE+BOS_2026-05-01T07:10:00,2026-05-01T07:10:00,NQ,LONG,27902.5,27883.91,1,-371.79,1800.0,True,True,OTE+BOS backtest - stop,backtest
Layer I_2026-05-01T08:30:00,2026-05-01T08:30:00,NQ,LONG,28037.75,28070.25,1,650.0,300.0,True,True,Layer I backtest - target,backtest
OTE+BOS_2026-05-03T17:05:00,2026-05-03T17:05:00,NQ,SHORT,28171.25,28135.9,1,706.96,5400.0,True,True,OTE+BOS backtest - be_stop,backtest
Layer I_2026-05-03T18:15:00,2026-05-03T18:15:00,NQ,SHORT,28125.75,28126.5,1,-15.0,2400.0,True,True,Layer I backtest - signal_invalidated,backtest
Layer I_2026-05-03T20:25:00,2026-05-03T20:25:00,NQ,LONG,28177.5,28210.0,1,650.0,600.0,True,True,Layer I backtest - target,backtest
Layer I_2026-05-03T20:45:00,2026-05-03T20:45:00,NQ,LONG,28213.5,28195.43,1,-361.43,1800.0,True,True,Layer I backtest - stop,backtest
Layer I_2026-05-03T21:50:00,2026-05-03T21:50:00,NQ,LONG,28242.0,28225.54,1,-329.29,2400.0,True,True,Layer I backtest - stop,backtest
Layer I_2026-05-03T23:30:00,2026-05-03T23:30:00,NQ,LONG,28248.25,28240.25,1,-160.0,1500.0,True,True,Layer I backtest - signal_invalidated,backtest
Layer I_2026-05-04T00:20:00,2026-05-04T00:20:00,NQ,LONG,28256.25,28246.32,1,-198.57,300.0,True,True,Layer I backtest - stop,backtest
Layer I_2026-05-04T03:20:00,2026-05-04T03:20:00,NQ,SHORT,28188.25,28206.54,1,-365.71,300.0,True,True,Layer I backtest - stop,backtest
OTE+BOS_2026-05-04T05:00:00,2026-05-04T05:00:00,NQ,SHORT,28086.25,28005.03,1,1624.34,300.0,True,True,OTE+BOS backtest - target,backtest
Layer I_2026-05-04T05:05:00,2026-05-04T05:05:00,NQ,SHORT,28003.0,28032.55,1,-591.07,300.0,True,True,Layer I backtest - stop,backtest
OTE+BOS_2026-05-05T01:30:00,2026-05-05T01:30:00,NQ,LONG,28153.5,28189.77,1,725.36,2700.0,True,True,OTE+BOS backtest - be_stop,backtest
Layer I_2026-05-05T01:55:00,2026-05-05T01:55:00,NQ,LONG,28182.25,28214.75,1,650.0,2400.0,True,True,Layer I backtest - target,backtest
Layer I_2026-05-05T03:10:00,2026-05-05T03:10:00,NQ,LONG,28228.0,28211.16,1,-336.79,3300.0,True,True,Layer I backtest - stop,backtest
Layer I_2026-05-05T04:35:00,2026-05-05T04:35:00,NQ,LONG,28236.5,28232.75,1,-75.0,900.0,True,True,Layer I backtest - signal_invalidated,backtest
OTE+BOS_2026-05-05T07:05:00,2026-05-05T07:05:00,NQ,LONG,28264.0,28281.59,1,351.79,1800.0,True,True,OTE+BOS backtest - be_stop,backtest
Layer I_2026-05-05T07:10:00,2026-05-05T07:10:00,NQ,LONG,28295.0,28278.36,1,-332.86,1500.0,True,True,Layer I backtest - stop,backtest
OTE+BOS_2026-05-05T15:15:00,2026-05-05T15:15:00,NQ,LONG,28468.25,28547.02,1,1575.47,600.0,True,True,OTE+BOS backtest - target,backtest
Layer I_2026-05-06T00:05:00,2026-05-06T00:05:00,NQ,LONG,28647.25,28636.52,1,-214.64,600.0,True,True,Layer I backtest - stop,backtest
Layer I_2026-05-06T00:45:00,2026-05-06T00:45:00,NQ,LONG,28650.0,28639.18,1,-216.43,1200.0,True,True,Layer I backtest - stop,backtest
Layer I_2026-05-06T03:40:00,2026-05-06T03:40:00,NQ,LONG,28663.5,28696.0,1,650.0,600.0,True,True,Layer I backtest - target,backtest
Layer I_2026-05-06T04:00:00,2026-05-06T04:00:00,NQ,LONG,28734.25,28766.75,1,650.0,900.0,True,True,Layer I backtest - target,backtest
Layer I_2026-05-06T04:25:00,2026-05-06T04:25:00,NQ,LONG,28767.75,28800.25,1,650.0,300.0,True,True,Layer I backtest - target,backtest
Layer I_2026-05-06T04:40:00,2026-05-06T04:40:00,NQ,LONG,28798.5,28831.0,1,650.0,1200.0,True,True,Layer I backtest - target,backtest
OTE+BOS_2026-05-06T19:15:00,2026-05-06T19:15:00,NQ,SHORT,28958.75,28977.32,1,-371.43,4800.0,True,True,OTE+BOS backtest - stop,backtest
OTE+BOS_2026-05-07T00:30:00,2026-05-07T00:30:00,NQ,LONG,29011.0,29000.98,1,-200.36,2100.0,True,True,OTE+BOS backtest - stop,backtest
Layer I_2026-05-07T00:40:00,2026-05-07T00:40:00,NQ,LONG,29026.0,29015.77,1,-204.64,1500.0,True,True,Layer I backtest - stop,backtest
Layer I_2026-05-07T01:40:00,2026-05-07T01:40:00,NQ,LONG,29045.0,29031.29,1,-274.29,300.0,True,True,Layer I backtest - stop,backtest
Layer I_2026-05-07T02:05:00,2026-05-07T02:05:00,NQ,LONG,29072.25,29084.75,1,250.0,600.0,True,True,Layer I backtest - be_stop,backtest
Layer I_2026-05-07T02:35:00,2026-05-07T02:35:00,NQ,LONG,29094.25,29071.38,1,-457.5,600.0,True,True,Layer I backtest - stop,backtest
Layer I_2026-05-07T03:05:00,2026-05-07T03:05:00,NQ,LONG,29093.5,29068.7,1,-496.07,300.0,True,True,Layer I backtest - stop,backtest
OTE+BOS_2026-05-07T08:30:00,2026-05-07T08:30:00,NQ,LONG,29062.25,29043.43,1,-376.43,600.0,True,True,OTE+BOS backtest - stop,backtest
Layer I_2026-05-07T08:35:00,2026-05-07T08:35:00,NQ,LONG,29074.75,29054.64,1,-402.14,300.0,True,True,Layer I backtest - stop,backtest
Layer I_2026-05-08T00:35:00,2026-05-08T00:35:00,NQ,LONG,29108.25,29095.46,1,-255.71,1500.0,True,True,Layer I backtest - stop,backtest
Layer I_2026-05-08T01:20:00,2026-05-08T01:20:00,NQ,LONG,29116.25,29112.0,1,-85.0,3000.0,True,True,Layer I backtest - signal_invalidated,backtest
Layer I_2026-05-08T03:15:00,2026-05-08T03:15:00,NQ,LONG,29153.25,29185.75,1,650.0,3000.0,True,True,Layer I backtest - target,backtest
Layer I_2026-05-08T04:15:00,2026-05-08T04:15:00,NQ,LONG,29185.75,29173.25,1,-250.0,900.0,True,True,Layer I backtest - stop,backtest
Layer I_2026-05-08T06:00:00,2026-05-08T06:00:00,NQ,LONG,29177.5,29180.5,1,60.0,300.0,True,True,Layer I backtest - signal_invalidated,backtest
Layer I_2026-05-08T06:25:00,2026-05-08T06:25:00,NQ,LONG,29193.75,29188.0,1,-115.0,2700.0,True,True,Layer I backtest - signal_invalidated,backtest
OTE+BOS_2026-05-10T17:05:00,2026-05-10T17:05:00,NQ,LONG,29583.5,29563.3,1,-403.93,600.0,True,True,OTE+BOS backtest - stop,backtest
Layer I_2026-05-10T18:15:00,2026-05-10T18:15:00,NQ,LONG,29639.5,29618.12,1,-427.5,600.0,True,True,Layer I backtest - stop,backtest
Layer I_2026-05-10T19:10:00,2026-05-10T19:10:00,NQ,LONG,29670.75,29648.89,1,-437.14,300.0,True,True,Layer I backtest - stop,backtest
Layer I_2026-05-10T19:35:00,2026-05-10T19:35:00,NQ,LONG,29686.0,29665.96,1,-400.71,600.0,True,True,Layer I backtest - stop,backtest
OTE+BOS_2026-05-10T20:05:00,2026-05-10T20:05:00,NQ,LONG,29586.25,29614.22,1,559.46,1500.0,True,True,OTE+BOS backtest - be_stop,backtest
Layer I_2026-05-11T00:20:00,2026-05-11T00:20:00,NQ,LONG,29644.5,29633.68,1,-216.43,300.0,True,True,Layer I backtest - stop,backtest
Layer I_2026-05-11T01:45:00,2026-05-11T01:45:00,NQ,SHORT,29605.5,29614.75,1,-185.0,300.0,True,True,Layer I backtest - signal_invalidated,backtest
Layer I_2026-05-11T02:30:00,2026-05-11T02:30:00,NQ,SHORT,29609.25,29626.07,1,-336.43,600.0,True,True,Layer I backtest - stop,backtest
OTE+BOS_2026-05-11T03:05:00,2026-05-11T03:05:00,NQ,SHORT,29579.75,29598.98,1,-384.64,600.0,True,True,OTE+BOS backtest - stop,backtest
OTE+BOS_2026-05-11T05:40:00,2026-05-11T05:40:00,NQ,LONG,29603.0,29665.0,1,1240.04,2400.0,True,True,OTE+BOS backtest - target,backtest
OTE+BOS_2026-05-11T07:25:00,2026-05-11T07:25:00,NQ,LONG,29609.25,29587.38,1,-437.5,900.0,True,True,OTE+BOS backtest - stop,backtest
Layer I_2026-05-12T00:05:00,2026-05-12T00:05:00,NQ,SHORT,29592.25,29584.0,1,165.0,3000.0,True,True,Layer I backtest - signal_invalidated,backtest
Layer I_2026-05-12T01:25:00,2026-05-12T01:25:00,NQ,SHORT,29552.5,29520.0,1,650.0,1800.0,True,True,Layer I backtest - target,backtest
Layer I_2026-05-12T02:05:00,2026-05-12T02:05:00,NQ,SHORT,29486.5,29504.71,1,-364.29,300.0,True,True,Layer I backtest - stop,backtest
Layer I_2026-05-12T05:45:00,2026-05-12T05:45:00,NQ,SHORT,29498.5,29514.11,1,-312.14,600.0,True,True,Layer I backtest - stop,backtest
OTE+BOS_2026-05-12T06:00:00,2026-05-12T06:00:00,NQ,SHORT,29479.25,29496.75,1,-350.0,600.0,True,True,OTE+BOS backtest - stop,backtest
Layer I_2026-05-12T06:15:00,2026-05-12T06:15:00,NQ,SHORT,29444.0,29466.79,1,-455.71,600.0,True,True,Layer I backtest - stop,backtest
Layer I_2026-05-13T00:05:00,2026-05-13T00:05:00,NQ,LONG,29595.25,29589.75,1,-110.0,2400.0,True,True,Layer I backtest - signal_invalidated,backtest
Layer I_2026-05-13T01:15:00,2026-05-13T01:15:00,NQ,LONG,29646.75,29632.68,1,-281.43,300.0,True,True,Layer I backtest - stop,backtest
OTE+BOS_2026-05-13T02:30:00,2026-05-13T02:30:00,NQ,LONG,29624.25,29673.84,1,991.77,1800.0,True,True,OTE+BOS backtest - target,backtest
Layer I_2026-05-13T02:45:00,2026-05-13T02:45:00,NQ,LONG,29653.25,29685.75,1,650.0,900.0,True,True,Layer I backtest - target,backtest
Layer I_2026-05-13T03:10:00,2026-05-13T03:10:00,NQ,LONG,29724.75,29709.75,1,-300.0,2400.0,True,True,Layer I backtest - signal_invalidated,backtest
Layer I_2026-05-13T07:35:00,2026-05-13T07:35:00,NQ,SHORT,29532.0,29564.2,1,-643.93,600.0,True,True,Layer I backtest - stop,backtest
Layer I_2026-05-13T11:40:00,2026-05-13T11:40:00,NQ,LONG,29735.25,29767.75,1,650.0,1200.0,True,True,Layer I backtest - target,backtest
OTE+BOS_2026-05-14T00:45:00,2026-05-14T00:45:00,NQ,LONG,29886.5,29915.4,1,578.04,1500.0,True,True,OTE+BOS backtest - be_stop,backtest
Layer I_2026-05-14T01:50:00,2026-05-14T01:50:00,NQ,LONG,29932.0,29911.34,1,-413.21,300.0,True,True,Layer I backtest - stop,backtest
Layer I_2026-05-14T04:20:00,2026-05-14T04:20:00,NQ,SHORT,29852.25,29819.75,1,650.0,900.0,True,True,Layer I backtest - target,backtest
Layer I_2026-05-14T07:55:00,2026-05-14T07:55:00,NQ,SHORT,29796.0,29763.5,1,650.0,600.0,True,True,Layer I backtest - target,backtest
Layer I_2026-05-14T08:15:00,2026-05-14T08:15:00,NQ,SHORT,29769.25,29794.32,1,-501.43,300.0,True,True,Layer I backtest - stop,backtest
OTE+BOS_2026-05-14T08:30:00,2026-05-14T08:30:00,NQ,LONG,29851.5,29972.66,1,2423.3,900.0,True,True,OTE+BOS backtest - target,backtest
Layer I_2026-05-14T10:35:00,2026-05-14T10:35:00,NQ,LONG,30043.25,30075.75,1,650.0,1800.0,True,True,Layer I backtest - target,backtest
Layer I_2026-05-14T11:15:00,2026-05-14T11:15:00,NQ,LONG,30054.0,30029.23,1,-495.36,600.0,True,True,Layer I backtest - stop,backtest
Layer I_2026-05-15T00:05:00,2026-05-15T00:05:00,NQ,SHORT,29711.25,29737.88,1,-532.5,600.0,True,True,Layer I backtest - stop,backtest
Layer I_2026-05-15T00:35:00,2026-05-15T00:35:00,NQ,SHORT,29674.25,29641.75,1,650.0,600.0,True,True,Layer I backtest - target,backtest
Layer I_2026-05-15T00:55:00,2026-05-15T00:55:00,NQ,SHORT,29584.0,29551.5,1,650.0,300.0,True,True,Layer I backtest - target,backtest
Layer I_2026-05-15T03:15:00,2026-05-15T03:15:00,NQ,SHORT,29602.75,29570.25,1,650.0,600.0,True,True,Layer I backtest - target,backtest
Layer I_2026-05-15T07:00:00,2026-05-15T07:00:00,NQ,SHORT,29540.25,29507.75,1,650.0,600.0,True,True,Layer I backtest - target,backtest
Layer I_2026-05-15T12:25:00,2026-05-15T12:25:00,NQ,LONG,29719.25,29751.75,1,650.0,1800.0,True,True,Layer I backtest - target,backtest
Layer I_2026-05-18T02:05:00,2026-05-18T02:05:00,NQ,LONG,29409.5,29378.84,1,-613.21,600.0,True,True,Layer I backtest - stop,backtest
OTE+BOS_2026-05-18T02:10:00,2026-05-18T02:10:00,NQ,SHORT,29388.5,29418.71,1,-604.29,900.0,True,True,OTE+BOS backtest - stop,backtest
Layer I_2026-05-18T02:35:00,2026-05-18T02:35:00,NQ,LONG,29395.5,29381.75,1,-275.0,300.0,True,True,Layer I backtest - signal_invalidated,backtest
Layer I_2026-05-18T03:45:00,2026-05-18T03:45:00,NQ,LONG,29509.25,29541.75,1,650.0,300.0,True,True,Layer I backtest - target,backtest
Layer I_2026-05-18T04:00:00,2026-05-18T04:00:00,NQ,LONG,29516.5,29502.5,1,-280.0,600.0,True,True,Layer I backtest - signal_invalidated,backtest
Layer I_2026-05-18T17:15:00,2026-05-18T17:15:00,NQ,LONG,29433.0,29465.5,1,650.0,300.0,True,True,Layer I backtest - target,backtest
Layer I_2026-05-18T17:30:00,2026-05-18T17:30:00,NQ,LONG,29459.5,29437.46,1,-440.71,900.0,True,True,Layer I backtest - stop,backtest
Layer I_2026-05-19T02:05:00,2026-05-19T02:05:00,NQ,LONG,29375.75,29346.18,1,-591.43,300.0,True,True,Layer I backtest - stop,backtest
Layer I_2026-05-19T02:30:00,2026-05-19T02:30:00,NQ,LONG,29350.0,29382.5,1,650.0,600.0,True,True,Layer I backtest - target,backtest
Layer I_2026-05-19T02:50:00,2026-05-19T02:50:00,NQ,LONG,29405.5,29377.5,1,-560.0,900.0,True,True,Layer I backtest - stop,backtest
Layer I_2026-05-19T04:50:00,2026-05-19T04:50:00,NQ,SHORT,29189.75,29222.14,1,-647.86,300.0,True,True,Layer I backtest - stop,backtest
Layer I_2026-05-19T07:10:00,2026-05-19T07:10:00,NQ,SHORT,29181.5,29149.0,1,650.0,900.0,True,True,Layer I backtest - target,backtest
Layer I_2026-05-19T19:10:00,2026-05-19T19:10:00,NQ,SHORT,29132.75,29100.25,1,650.0,300.0,True,True,Layer I backtest - target,backtest
Layer I_2026-05-20T01:05:00,2026-05-20T01:05:00,NQ,LONG,29265.0,29297.5,1,650.0,600.0,True,True,Layer I backtest - target,backtest
Layer I_2026-05-20T01:25:00,2026-05-20T01:25:00,NQ,LONG,29312.75,29300.5,1,-245.0,1200.0,True,True,Layer I backtest - signal_invalidated,backtest
Layer I_2026-05-20T01:55:00,2026-05-20T01:55:00,NQ,LONG,29340.25,29338.0,1,-45.0,3300.0,True,True,Layer I backtest - signal_invalidated,backtest
Layer I_2026-05-20T03:15:00,2026-05-20T03:15:00,NQ,LONG,29387.75,29362.89,1,-497.14,300.0,True,True,Layer I backtest - stop,backtest
Layer I_2026-05-21T00:05:00,2026-05-21T00:05:00,NQ,LONG,29713.75,29696.54,1,-344.29,1200.0,True,True,Layer I backtest - stop,backtest
Layer I_2026-05-21T02:05:00,2026-05-21T02:05:00,NQ,SHORT,29567.5,29535.0,1,650.0,300.0,True,True,Layer I backtest - target,backtest
Layer I_2026-05-21T02:20:00,2026-05-21T02:20:00,NQ,SHORT,29560.0,29586.0,1,-520.0,1200.0,True,True,Layer I backtest - signal_invalidated,backtest
Layer I_2026-05-21T15:10:00,2026-05-21T15:10:00,NQ,LONG,29759.5,29761.0,1,30.0,2100.0,True,True,Layer I backtest - signal_invalidated,backtest
Layer I_2026-05-21T15:55:00,2026-05-21T15:55:00,NQ,LONG,29757.0,29789.5,1,650.0,3900.0,True,True,Layer I backtest - target,backtest
Layer I_2026-05-21T17:10:00,2026-05-21T17:10:00,NQ,LONG,29814.25,29798.05,1,-323.93,300.0,True,True,Layer I backtest - stop,backtest
Layer I_2026-05-22T00:05:00,2026-05-22T00:05:00,NQ,LONG,29903.0,29890.66,1,-246.79,900.0,True,True,Layer I backtest - stop,backtest
Layer I_2026-05-22T03:20:00,2026-05-22T03:20:00,NQ,LONG,29933.25,29906.14,1,-542.14,600.0,True,True,Layer I backtest - stop,backtest
Layer I_2026-05-22T04:05:00,2026-05-22T04:05:00,NQ,SHORT,29829.25,29796.75,1,650.0,1200.0,True,True,Layer I backtest - target,backtest
Layer I_2026-05-22T04:35:00,2026-05-22T04:35:00,NQ,SHORT,29826.75,29842.5,1,-315.0,900.0,True,True,Layer I backtest - signal_invalidated,backtest
Layer I_2026-05-22T05:10:00,2026-05-22T05:10:00,NQ,SHORT,29790.5,29793.25,1,-55.0,600.0,True,True,Layer I backtest - signal_invalidated,backtest
Layer I_2026-05-22T05:30:00,2026-05-22T05:30:00,NQ,SHORT,29746.0,29773.12,1,-542.5,1200.0,True,True,Layer I backtest - stop,backtest
OTE+BOS_2026-05-22T12:20:00,2026-05-22T12:20:00,NQ,LONG,29986.5,29999.0,1,250.0,600.0,True,True,OTE+BOS backtest - be_stop,backtest
Layer I_2026-05-24T18:10:00,2026-05-24T18:10:00,NQ,LONG,30124.0,30156.5,1,650.0,1200.0,True,True,Layer I backtest - target,backtest
Layer I_2026-05-24T18:40:00,2026-05-24T18:40:00,NQ,LONG,30160.0,30141.25,1,-375.0,600.0,True,True,Layer I backtest - stop,backtest
Layer I_2026-05-24T19:10:00,2026-05-24T19:10:00,NQ,LONG,30171.75,30204.25,1,650.0,1500.0,True,True,Layer I backtest - target,backtest
Layer I_2026-05-24T19:45:00,2026-05-24T19:45:00,NQ,LONG,30230.0,30210.68,1,-386.43,600.0,True,True,Layer I backtest - stop,backtest
Layer I_2026-05-24T20:15:00,2026-05-24T20:15:00,NQ,LONG,30221.25,30226.25,1,100.0,2400.0,True,True,Layer I backtest - signal_invalidated,backtest
OTE+BOS_2026-05-24T21:45:00,2026-05-24T21:45:00,NQ,LONG,30237.5,30283.06,1,911.21,900.0,True,True,OTE+BOS backtest - target,backtest
Layer I_2026-05-24T22:00:00,2026-05-24T22:00:00,NQ,LONG,30274.5,30260.2,1,-286.07,1200.0,True,True,Layer I backtest - stop,backtest
Layer I_2026-05-25T00:05:00,2026-05-25T00:05:00,NQ,LONG,30285.25,30276.5,1,-175.0,2700.0,True,True,Layer I backtest - stop,backtest
Layer I_2026-05-25T06:05:00,2026-05-25T06:05:00,NQ,LONG,30276.0,30273.75,1,-45.0,3000.0,True,True,Layer I backtest - signal_invalidated,backtest
Layer I_2026-05-25T08:20:00,2026-05-25T08:20:00,NQ,SHORT,30240.25,30252.04,1,-235.71,600.0,True,True,Layer I backtest - stop,backtest
OTE+BOS_2026-05-26T01:00:00,2026-05-26T01:00:00,NQ,LONG,30116.5,30103.8,1,-253.93,1500.0,True,True,OTE+BOS backtest - stop,backtest
Layer I_2026-05-26T01:10:00,2026-05-26T01:10:00,NQ,LONG,30138.75,30125.91,1,-256.79,600.0,True,True,Layer I backtest - stop,backtest
OTE+BOS_2026-05-26T02:00:00,2026-05-26T02:00:00,NQ,SHORT,30100.0,30068.7,1,626.07,2100.0,True,True,OTE+BOS backtest - be_stop,backtest
Layer I_2026-05-26T02:20:00,2026-05-26T02:20:00,NQ,SHORT,30086.25,30053.75,1,650.0,600.0,True,True,Layer I backtest - target,backtest
Layer I_2026-05-26T02:40:00,2026-05-26T02:40:00,NQ,SHORT,30084.25,30073.5,1,215.0,1800.0,True,True,Layer I backtest - signal_invalidated,backtest
Layer I_2026-05-26T04:50:00,2026-05-26T04:50:00,NQ,LONG,30147.5,30180.0,1,650.0,1500.0,True,True,Layer I backtest - target,backtest
Layer I_2026-05-26T05:25:00,2026-05-26T05:25:00,NQ,LONG,30199.0,30184.73,1,-285.36,900.0,True,True,Layer I backtest - stop,backtest
Layer I_2026-05-26T07:20:00,2026-05-26T07:20:00,NQ,LONG,30187.75,30220.25,1,650.0,1200.0,True,True,Layer I backtest - target,backtest
OTE+BOS_2026-05-26T08:35:00,2026-05-26T08:35:00,NQ,LONG,30161.5,30250.11,1,1772.24,600.0,True,True,OTE+BOS backtest - target,backtest
Layer I_2026-05-27T01:35:00,2026-05-27T01:35:00,NQ,SHORT,30368.75,30374.25,1,-110.0,300.0,True,True,Layer I backtest - signal_invalidated,backtest
OTE+BOS_2026-05-27T02:00:00,2026-05-27T02:00:00,NQ,LONG,30403.0,30423.12,1,402.32,2700.0,True,True,OTE+BOS backtest - be_stop,backtest
Layer I_2026-05-27T03:05:00,2026-05-27T03:05:00,NQ,LONG,30455.5,30488.0,1,650.0,600.0,True,True,Layer I backtest - target,backtest
Layer I_2026-05-27T03:25:00,2026-05-27T03:25:00,NQ,LONG,30510.0,30491.27,1,-374.64,2100.0,True,True,Layer I backtest - stop,backtest
Layer I_2026-05-27T05:00:00,2026-05-27T05:00:00,NQ,LONG,30535.5,30519.68,1,-316.43,1800.0,True,True,Layer I backtest - stop,backtest
Layer I_2026-05-27T06:05:00,2026-05-27T06:05:00,NQ,LONG,30561.75,30594.25,1,650.0,1800.0,True,True,Layer I backtest - target,backtest
Layer I_2026-05-27T06:45:00,2026-05-27T06:45:00,NQ,LONG,30574.5,30556.39,1,-362.14,900.0,True,True,Layer I backtest - stop,backtest
OTE+BOS_2026-05-27T20:00:00,2026-05-27T20:00:00,NQ,SHORT,30359.25,30299.64,1,1192.14,6600.0,True,True,OTE+BOS backtest - be_stop,backtest
Layer I_2026-05-28T02:40:00,2026-05-28T02:40:00,NQ,LONG,30252.5,30231.7,1,-416.07,300.0,True,True,Layer I backtest - stop,backtest
Layer I_2026-05-28T03:05:00,2026-05-28T03:05:00,NQ,LONG,30264.75,30263.5,1,-25.0,1200.0,True,True,Layer I backtest - signal_invalidated,backtest
Layer I_2026-05-28T03:55:00,2026-05-28T03:55:00,NQ,LONG,30285.75,30271.5,1,-285.0,900.0,True,True,Layer I backtest - signal_invalidated,backtest
Layer I_2026-05-29T00:05:00,2026-05-29T00:05:00,NQ,LONG,30610.25,30599.07,1,-223.57,1800.0,True,True,Layer I backtest - stop,backtest
Layer I_2026-05-29T01:50:00,2026-05-29T01:50:00,NQ,LONG,30646.75,30632.82,1,-278.57,900.0,True,True,Layer I backtest - stop,backtest
Layer I_2026-05-29T03:35:00,2026-05-29T03:35:00,NQ,LONG,30624.25,30607.09,1,-343.21,600.0,True,True,Layer I backtest - stop,backtest
Layer I_2026-05-31T17:25:00,2026-05-31T17:25:00,NQ,LONG,30725.25,30757.75,1,650.0,1200.0,True,True,Layer I backtest - target,backtest
Layer I_2026-05-31T17:55:00,2026-05-31T17:55:00,NQ,LONG,30757.0,30768.25,1,225.0,3000.0,True,True,Layer I backtest - signal_invalidated,backtest
Layer I_2026-05-31T19:05:00,2026-05-31T19:05:00,NQ,LONG,30814.0,30797.16,1,-336.79,600.0,True,True,Layer I backtest - stop,backtest
Layer I_2026-05-31T19:35:00,2026-05-31T19:35:00,NQ,LONG,30838.5,30829.0,1,-190.0,1800.0,True,True,Layer I backtest - signal_invalidated,backtest
Layer I_2026-05-31T21:10:00,2026-05-31T21:10:00,NQ,LONG,30865.75,30852.2,1,-271.07,1200.0,True,True,Layer I backtest - stop,backtest
OTE+BOS_2026-05-31T22:15:00,2026-05-31T22:15:00,NQ,LONG,30863.25,30852.12,1,-222.5,1800.0,True,True,OTE+BOS backtest - stop,backtest
OTE+BOS_2026-06-01T02:15:00,2026-06-01T02:15:00,NQ,SHORT,30855.75,30796.26,1,1189.86,1500.0,True,True,OTE+BOS backtest - target,backtest
Layer I_2026-06-01T02:35:00,2026-06-01T02:35:00,NQ,SHORT,30808.25,30775.75,1,650.0,2100.0,True,True,Layer I backtest - target,backtest
Layer I_2026-06-01T03:20:00,2026-06-01T03:20:00,NQ,SHORT,30769.75,30788.45,1,-373.93,1800.0,True,True,Layer I backtest - stop,backtest
Layer I_2026-06-01T05:00:00,2026-06-01T05:00:00,NQ,SHORT,30765.75,30780.91,1,-303.21,600.0,True,True,Layer I backtest - stop,backtest
Layer I_2026-06-01T07:05:00,2026-06-01T07:05:00,NQ,SHORT,30735.75,30755.04,1,-385.71,1200.0,True,True,Layer I backtest - stop,backtest
OTE+BOS_2026-06-01T07:45:00,2026-06-01T07:45:00,NQ,SHORT,30776.75,30748.82,1,558.57,1200.0,True,True,OTE+BOS backtest - be_stop,backtest
OTE+BOS_2026-06-01T19:00:00,2026-06-01T19:00:00,NQ,SHORT,30758.5,30723.67,1,696.61,900.0,True,True,OTE+BOS backtest - be_stop,backtest
Layer I_2026-06-02T00:05:00,2026-06-02T00:05:00,NQ,LONG,30754.0,30786.5,1,650.0,1500.0,True,True,Layer I backtest - target,backtest
Layer I_2026-06-02T00:40:00,2026-06-02T00:40:00,NQ,LONG,30783.5,30767.29,1,-324.29,600.0,True,True,Layer I backtest - stop,backtest
Layer I_2026-06-02T01:10:00,2026-06-02T01:10:00,NQ,LONG,30783.5,30816.0,1,650.0,2700.0,True,True,Layer I backtest - target,backtest
Layer I_2026-06-02T02:05:00,2026-06-02T02:05:00,NQ,LONG,30841.0,30825.5,1,-310.0,1500.0,True,True,Layer I backtest - stop,backtest
Layer I_2026-06-02T03:05:00,2026-06-02T03:05:00,NQ,LONG,30861.5,30844.62,1,-337.5,300.0,True,True,Layer I backtest - stop,backtest
OTE+BOS_2026-06-02T04:30:00,2026-06-02T04:30:00,NQ,LONG,30846.5,30872.35,1,516.96,1200.0,True,True,OTE+BOS backtest - be_stop,backtest
Layer I_2026-06-02T05:10:00,2026-06-02T05:10:00,NQ,LONG,30861.5,30867.25,1,115.0,600.0,True,True,Layer I backtest - signal_invalidated,backtest
OTE+BOS_2026-06-02T08:00:00,2026-06-02T08:00:00,NQ,SHORT,30828.5,30804.14,1,487.14,900.0,True,True,OTE+BOS backtest - be_stop,backtest
Layer I_2026-06-03T02:20:00,2026-06-03T02:20:00,NQ,LONG,31013.75,31000.75,1,-260.0,600.0,True,True,Layer I backtest - signal_invalidated,backtest
Layer I_2026-06-03T03:05:00,2026-06-03T03:05:00,NQ,LONG,31028.75,31009.62,1,-382.5,900.0,True,True,Layer I backtest - stop,backtest
Layer I_2026-06-03T04:30:00,2026-06-03T04:30:00,NQ,LONG,31058.5,31038.54,1,-399.29,1500.0,True,True,Layer I backtest - stop,backtest
OTE+BOS_2026-06-03T08:30:00,2026-06-03T08:30:00,NQ,SHORT,31015.75,30916.77,1,1979.58,900.0,True,True,OTE+BOS backtest - target,backtest
OTE+BOS_2026-06-03T15:20:00,2026-06-03T15:20:00,NQ,LONG,30886.0,30852.07,1,-678.57,600.0,True,True,OTE+BOS backtest - stop,backtest
Layer I_2026-06-04T01:35:00,2026-06-04T01:35:00,NQ,LONG,30802.5,30835.0,1,650.0,900.0,True,True,Layer I backtest - target,backtest
Layer I_2026-06-04T02:00:00,2026-06-04T02:00:00,NQ,LONG,30841.5,30821.59,1,-398.21,900.0,True,True,Layer I backtest - stop,backtest
OTE+BOS_2026-06-04T03:00:00,2026-06-04T03:00:00,NQ,SHORT,30773.0,30716.71,1,1125.71,900.0,True,True,OTE+BOS backtest - be_stop,backtest
Layer I_2026-06-04T03:20:00,2026-06-04T03:20:00,NQ,SHORT,30686.25,30653.75,1,650.0,300.0,True,True,Layer I backtest - target,backtest
Layer I_2026-06-04T03:35:00,2026-06-04T03:35:00,NQ,SHORT,30691.5,30659.0,1,650.0,600.0,True,True,Layer I backtest - target,backtest
Layer I_2026-06-04T03:55:00,2026-06-04T03:55:00,NQ,SHORT,30646.0,30613.5,1,650.0,300.0,True,True,Layer I backtest - target,backtest
Layer I_2026-06-04T04:40:00,2026-06-04T04:40:00,NQ,SHORT,30599.75,30633.18,1,-668.57,300.0,True,True,Layer I backtest - stop,backtest
Layer I_2026-06-05T00:05:00,2026-06-05T00:05:00,NQ,LONG,30506.75,30504.0,1,-55.0,1200.0,True,True,Layer I backtest - signal_invalidated,backtest
Layer I_2026-06-05T01:20:00,2026-06-05T01:20:00,NQ,SHORT,30438.75,30406.25,1,650.0,2400.0,True,True,Layer I backtest - target,backtest
Layer I_2026-06-05T02:10:00,2026-06-05T02:10:00,NQ,SHORT,30382.5,30407.8,1,-506.07,600.0,True,True,Layer I backtest - stop,backtest
Layer I_2026-06-05T05:05:00,2026-06-05T05:05:00,NQ,LONG,30508.0,30525.75,1,355.0,900.0,True,True,Layer I backtest - signal_invalidated,backtest
Layer I_2026-06-05T05:30:00,2026-06-05T05:30:00,NQ,LONG,30536.0,30519.11,1,-337.86,300.0,True,True,Layer I backtest - stop,backtest
Layer I_2026-06-05T07:30:00,2026-06-05T07:30:00,NQ,SHORT,30363.25,30393.11,1,-597.14,300.0,True,True,Layer I backtest - stop,backtest
Layer I_2026-06-07T23:50:00,2026-06-07T23:50:00,NQ,SHORT,29425.5,29393.0,1,650.0,300.0,True,True,Layer I backtest - target,backtest
Layer I_2026-06-08T00:05:00,2026-06-08T00:05:00,NQ,SHORT,29411.75,29379.25,1,650.0,300.0,True,True,Layer I backtest - target,backtest
OTE+BOS_2026-06-08T06:05:00,2026-06-08T06:05:00,NQ,LONG,29570.25,29693.2,1,2458.95,900.0,True,True,OTE+BOS backtest - target,backtest
Layer I_2026-06-08T07:25:00,2026-06-08T07:25:00,NQ,LONG,29759.25,29791.75,1,650.0,900.0,True,True,Layer I backtest - target,backtest
Layer I_2026-06-08T07:50:00,2026-06-08T07:50:00,NQ,LONG,29784.25,29816.75,1,650.0,600.0,True,True,Layer I backtest - target,backtest
Layer I_2026-06-08T08:10:00,2026-06-08T08:10:00,NQ,LONG,29876.25,29844.91,1,-626.79,900.0,True,True,Layer I backtest - stop,backtest
OTE+BOS_2026-06-08T17:00:00,2026-06-08T17:00:00,NQ,SHORT,29706.5,29653.73,1,1055.36,1200.0,True,True,OTE+BOS backtest - be_stop,backtest
Layer I_2026-06-08T17:10:00,2026-06-08T17:10:00,NQ,SHORT,29659.75,29627.25,1,650.0,300.0,True,True,Layer I backtest - target,backtest
Layer I_2026-06-08T17:25:00,2026-06-08T17:25:00,NQ,SHORT,29629.75,29661.32,1,-631.43,300.0,True,True,Layer I backtest - stop,backtest
Layer I_2026-06-09T01:05:00,2026-06-09T01:05:00,NQ,LONG,29950.5,29925.98,1,-490.36,1500.0,True,True,Layer I backtest - stop,backtest
OTE+BOS_2026-06-09T01:55:00,2026-06-09T01:55:00,NQ,LONG,29923.75,29971.21,1,949.11,900.0,True,True,OTE+BOS backtest - be_stop,backtest
Layer I_2026-06-09T03:40:00,2026-06-09T03:40:00,NQ,LONG,29980.25,29950.95,1,-586.07,600.0,True,True,Layer I backtest - stop,backtest
Layer I_2026-06-09T06:30:00,2026-06-09T06:30:00,NQ,LONG,30004.5,29984.04,1,-409.29,1500.0,True,True,Layer I backtest - stop,backtest
OTE+BOS_2026-06-09T07:50:00,2026-06-09T07:50:00,NQ,LONG,29989.75,30027.96,1,764.29,1200.0,True,True,OTE+BOS backtest - be_stop,backtest
Layer I_2026-06-10T02:50:00,2026-06-10T02:50:00,NQ,SHORT,29251.5,29219.0,1,650.0,600.0,True,True,Layer I backtest - target,backtest
Layer I_2026-06-10T23:15:00,2026-06-10T23:15:00,NQ,LONG,29027.25,29059.75,1,650.0,900.0,True,True,Layer I backtest - target,backtest
Layer I_2026-06-10T23:40:00,2026-06-10T23:40:00,NQ,LONG,29092.0,29061.46,1,-610.71,1200.0,True,True,Layer I backtest - stop,backtest
Layer I_2026-06-11T02:00:00,2026-06-11T02:00:00,NQ,LONG,29104.75,29073.88,1,-617.5,300.0,True,True,Layer I backtest - stop,backtest
Layer I_2026-06-11T02:25:00,2026-06-11T02:25:00,NQ,LONG,29151.25,29183.75,1,650.0,2100.0,True,True,Layer I backtest - target,backtest
Layer I_2026-06-11T03:30:00,2026-06-11T03:30:00,NQ,LONG,29216.25,29202.5,1,-275.0,1200.0,True,True,Layer I backtest - signal_invalidated,backtest
OTE+BOS_2026-06-11T07:15:00,2026-06-11T07:15:00,NQ,SHORT,29175.0,29076.02,1,1979.58,300.0,True,True,OTE+BOS backtest - target,backtest
Layer I_2026-06-11T17:10:00,2026-06-11T17:10:00,NQ,LONG,29824.0,29819.5,1,-90.0,600.0,True,True,Layer I backtest - signal_invalidated,backtest
Layer I_2026-06-11T17:40:00,2026-06-11T17:40:00,NQ,LONG,29851.75,29884.25,1,650.0,600.0,True,True,Layer I backtest - target,backtest
Layer I_2026-06-11T18:00:00,2026-06-11T18:00:00,NQ,LONG,29847.5,29815.5,1,-640.0,1200.0,True,True,Layer I backtest - stop,backtest
OTE+BOS_2026-06-12T00:30:00,2026-06-12T00:30:00,NQ,SHORT,29817.75,29805.25,1,250.0,600.0,True,True,OTE+BOS backtest - be_stop,backtest
Layer I_2026-06-12T00:40:00,2026-06-12T00:40:00,NQ,SHORT,29782.0,29749.5,1,650.0,300.0,True,True,Layer I backtest - target,backtest
Layer I_2026-06-12T00:55:00,2026-06-12T00:55:00,NQ,SHORT,29702.5,29736.64,1,-682.86,300.0,True,True,Layer I backtest - stop,backtest
Layer I_2026-06-12T02:10:00,2026-06-12T02:10:00,NQ,SHORT,29573.5,29607.41,1,-678.21,600.0,True,True,Layer I backtest - stop,backtest
Layer I_2026-06-12T06:40:00,2026-06-12T06:40:00,NQ,LONG,29945.5,29914.48,1,-620.36,1200.0,True,True,Layer I backtest - stop,backtest
OTE+BOS_2026-06-14T19:00:00,2026-06-14T19:00:00,NQ,LONG,30392.75,30441.48,1,974.64,900.0,True,True,OTE+BOS backtest - be_stop,backtest
Layer I_2026-06-14T19:05:00,2026-06-14T19:05:00,NQ,LONG,30422.75,30455.25,1,650.0,300.0,True,True,Layer I backtest - target,backtest
Layer I_2026-06-14T19:20:00,2026-06-14T19:20:00,NQ,LONG,30467.25,30434.77,1,-649.64,1200.0,True,True,Layer I backtest - stop,backtest
OTE+BOS_2026-06-14T20:30:00,2026-06-14T20:30:00,NQ,LONG,30470.0,30497.19,1,543.75,3600.0,True,True,OTE+BOS backtest - be_stop,backtest
Layer I_2026-06-14T20:45:00,2026-06-14T20:45:00,NQ,LONG,30480.0,30459.68,1,-406.43,600.0,True,True,Layer I backtest - stop,backtest
Layer I_2026-06-14T21:15:00,2026-06-14T21:15:00,NQ,LONG,30487.25,30497.25,1,200.0,3000.0,True,True,Layer I backtest - signal_invalidated,backtest
Layer I_2026-06-14T22:20:00,2026-06-14T22:20:00,NQ,LONG,30516.0,30503.12,1,-257.5,600.0,True,True,Layer I backtest - stop,backtest
Layer I_2026-06-14T23:55:00,2026-06-14T23:55:00,NQ,LONG,30534.0,30520.29,1,-274.29,2100.0,True,True,Layer I backtest - stop,backtest
Layer I_2026-06-15T03:25:00,2026-06-15T03:25:00,NQ,LONG,30600.75,30592.0,1,-175.0,2400.0,True,True,Layer I backtest - signal_invalidated,backtest
Layer I_2026-06-15T06:00:00,2026-06-15T06:00:00,NQ,LONG,30577.5,30610.0,1,650.0,1200.0,True,True,Layer I backtest - target,backtest
Layer I_2026-06-15T06:30:00,2026-06-15T06:30:00,NQ,LONG,30593.25,30575.04,1,-364.29,600.0,True,True,Layer I backtest - stop,backtest
Layer I_2026-06-15T08:30:00,2026-06-15T08:30:00,NQ,LONG,30659.25,30691.75,1,650.0,300.0,True,True,Layer I backtest - target,backtest
Layer I_2026-06-15T10:45:00,2026-06-15T10:45:00,NQ,LONG,30874.0,30906.5,1,650.0,2100.0,True,True,Layer I backtest - target,backtest
Layer I_2026-06-15T17:10:00,2026-06-15T17:10:00,NQ,SHORT,30795.0,30762.5,1,650.0,900.0,True,True,Layer I backtest - target,backtest
Layer I_2026-06-16T00:25:00,2026-06-16T00:25:00,NQ,LONG,30834.0,30820.75,1,-265.0,300.0,True,True,Layer I backtest - stop,backtest
Layer I_2026-06-16T01:05:00,2026-06-16T01:05:00,NQ,LONG,30825.0,30823.25,1,-35.0,900.0,True,True,Layer I backtest - signal_invalidated,backtest
Layer I_2026-06-16T01:30:00,2026-06-16T01:30:00,NQ,LONG,30820.0,30821.5,1,30.0,300.0,True,True,Layer I backtest - signal_invalidated,backtest
OTE+BOS_2026-06-16T03:00:00,2026-06-16T03:00:00,NQ,LONG,30859.75,30892.73,1,659.64,1800.0,True,True,OTE+BOS backtest - be_stop,backtest
Layer I_2026-06-16T03:05:00,2026-06-16T03:05:00,NQ,LONG,30876.0,30888.5,1,250.0,1500.0,True,True,Layer I backtest - be_stop,backtest
Layer I_2026-06-16T03:50:00,2026-06-16T03:50:00,NQ,LONG,30927.5,30903.86,1,-472.86,1500.0,True,True,Layer I backtest - stop,backtest
Layer I_2026-06-16T05:50:00,2026-06-16T05:50:00,NQ,LONG,30924.0,30956.5,1,650.0,600.0,True,True,Layer I backtest - target,backtest
OTE+BOS_2026-06-16T14:05:00,2026-06-16T14:05:00,NQ,SHORT,30438.25,30416.95,1,426.07,900.0,True,True,OTE+BOS backtest - be_stop,backtest
Layer I_2026-06-17T00:15:00,2026-06-17T00:15:00,NQ,LONG,30493.75,30526.25,1,650.0,1800.0,True,True,Layer I backtest - target,backtest
Layer I_2026-06-17T02:00:00,2026-06-17T02:00:00,NQ,LONG,30555.25,30552.5,1,-55.0,2700.0,True,True,Layer I backtest - signal_invalidated,backtest
Layer I_2026-06-17T03:05:00,2026-06-17T03:05:00,NQ,LONG,30580.25,30561.71,1,-370.71,300.0,True,True,Layer I backtest - stop,backtest
OTE+BOS_2026-06-17T04:45:00,2026-06-17T04:45:00,NQ,SHORT,30483.75,30457.4,1,526.96,1800.0,True,True,OTE+BOS backtest - be_stop,backtest
Layer I_2026-06-17T05:05:00,2026-06-17T05:05:00,NQ,SHORT,30446.5,30469.3,1,-456.07,900.0,True,True,Layer I backtest - stop,backtest
Layer I_2026-06-18T02:45:00,2026-06-18T02:45:00,NQ,LONG,30423.75,30456.25,1,650.0,900.0,True,True,Layer I backtest - target,backtest
Layer I_2026-06-18T03:10:00,2026-06-18T03:10:00,NQ,LONG,30482.5,30457.14,1,-507.14,600.0,True,True,Layer I backtest - stop,backtest
Layer I_2026-06-18T05:00:00,2026-06-18T05:00:00,NQ,LONG,30475.0,30452.46,1,-450.71,1800.0,True,True,Layer I backtest - stop,backtest
Layer I_2026-06-18T07:50:00,2026-06-18T07:50:00,NQ,LONG,30500.25,30532.75,1,650.0,300.0,True,True,Layer I backtest - target,backtest
Layer I_2026-06-18T08:05:00,2026-06-18T08:05:00,NQ,LONG,30491.25,30523.75,1,650.0,600.0,True,True,Layer I backtest - target,backtest
Layer I_2026-06-18T08:25:00,2026-06-18T08:25:00,NQ,LONG,30593.75,30560.09,1,-673.21,300.0,True,True,Layer I backtest - stop,backtest
OTE+BOS_2026-06-18T14:35:00,2026-06-18T14:35:00,NQ,LONG,30720.5,30749.97,1,589.46,900.0,True,True,OTE+BOS backtest - be_stop,backtest
OTE+BOS_2026-06-18T19:00:00,2026-06-18T19:00:00,NQ,SHORT,30674.5,30658.42,1,321.61,1500.0,True,True,OTE+BOS backtest - be_stop,backtest
Layer I_2026-06-19T00:05:00,2026-06-19T00:05:00,NQ,SHORT,30433.5,30401.0,1,650.0,1800.0,True,True,Layer I backtest - target,backtest
Layer I_2026-06-19T00:45:00,2026-06-19T00:45:00,NQ,SHORT,30436.25,30465.66,1,-588.21,300.0,True,True,Layer I backtest - stop,backtest
Layer I_2026-06-19T02:35:00,2026-06-19T02:35:00,NQ,LONG,30612.5,30645.0,1,650.0,2700.0,True,True,Layer I backtest - target,backtest
Layer I_2026-06-19T03:30:00,2026-06-19T03:30:00,NQ,LONG,30628.5,30641.0,1,250.0,1800.0,True,True,Layer I backtest - be_stop,backtest
Layer I_2026-06-19T07:45:00,2026-06-19T07:45:00,NQ,SHORT,30546.0,30564.68,1,-373.57,300.0,True,True,Layer I backtest - stop,backtest
OTE+BOS_2026-06-19T07:50:00,2026-06-19T07:50:00,NQ,LONG,30636.5,30649.0,1,250.0,3000.0,True,True,OTE+BOS backtest - be_stop,backtest
Layer I_2026-06-19T08:50:00,2026-06-19T08:50:00,NQ,LONG,30673.5,30663.75,1,-195.0,2400.0,True,True,Layer I backtest - signal_invalidated,backtest
OTE+BOS_2026-06-19T11:45:00,2026-06-19T11:45:00,NQ,SHORT,30685.5,30631.75,1,1074.97,191700.0,True,True,OTE+BOS backtest - target,backtest
OTE+BOS_2026-06-22T00:00:00,2026-06-22T00:00:00,NQ,LONG,30583.75,30642.55,1,1176.07,900.0,True,True,OTE+BOS backtest - be_stop,backtest
Layer I_2026-06-22T01:10:00,2026-06-22T01:10:00,NQ,LONG,30681.0,30713.5,1,650.0,600.0,True,True,Layer I backtest - target,backtest
Layer I_2026-06-22T01:30:00,2026-06-22T01:30:00,NQ,LONG,30713.0,30745.5,1,650.0,1800.0,True,True,Layer I backtest - target,backtest
Layer I_2026-06-22T02:10:00,2026-06-22T02:10:00,NQ,LONG,30763.25,30761.5,1,-35.0,2100.0,True,True,Layer I backtest - signal_invalidated,backtest
Layer I_2026-06-22T07:25:00,2026-06-22T07:25:00,NQ,LONG,30823.25,30801.75,1,-430.0,1200.0,True,True,Layer I backtest - stop,backtest
Layer I_2026-06-22T08:05:00,2026-06-22T08:05:00,NQ,LONG,30834.5,30867.0,1,650.0,900.0,True,True,Layer I backtest - target,backtest
Layer I_2026-06-22T14:00:00,2026-06-22T14:00:00,NQ,SHORT,30585.5,30553.0,1,650.0,300.0,True,True,Layer I backtest - target,backtest
Layer I_2026-06-23T00:05:00,2026-06-23T00:05:00,NQ,SHORT,30237.75,30205.25,1,650.0,1200.0,True,True,Layer I backtest - target,backtest
Layer I_2026-06-23T00:35:00,2026-06-23T00:35:00,NQ,SHORT,30137.75,30168.39,1,-612.86,600.0,True,True,Layer I backtest - stop,backtest
Layer I_2026-06-23T05:25:00,2026-06-23T05:25:00,NQ,SHORT,29825.0,29792.5,1,650.0,300.0,True,True,Layer I backtest - target,backtest
Layer I_2026-06-23T05:40:00,2026-06-23T05:40:00,NQ,SHORT,29781.25,29812.43,1,-623.57,300.0,True,True,Layer I backtest - stop,backtest
Layer I_2026-06-23T17:35:00,2026-06-23T17:35:00,NQ,SHORT,29672.0,29639.5,1,650.0,300.0,True,True,Layer I backtest - target,backtest
OTE+BOS_2026-06-24T03:15:00,2026-06-24T03:15:00,NQ,SHORT,29838.0,29825.5,1,250.0,2100.0,True,True,OTE+BOS backtest - be_stop,backtest
Layer I_2026-06-24T06:20:00,2026-06-24T06:20:00,NQ,SHORT,29765.0,29789.88,1,-497.5,600.0,True,True,Layer I backtest - stop,backtest
Layer I_2026-06-24T08:00:00,2026-06-24T08:00:00,NQ,SHORT,29749.25,29716.75,1,650.0,600.0,True,True,Layer I backtest - target,backtest
Layer I_2026-06-24T08:20:00,2026-06-24T08:20:00,NQ,SHORT,29735.75,29703.25,1,650.0,300.0,True,True,Layer I backtest - target,backtest
Layer I_2026-06-24T18:30:00,2026-06-24T18:30:00,NQ,LONG,30092.0,30124.5,1,650.0,900.0,True,True,Layer I backtest - target,backtest
Layer I_2026-06-24T18:55:00,2026-06-24T18:55:00,NQ,LONG,30096.75,30073.79,1,-459.29,300.0,True,True,Layer I backtest - stop,backtest
OTE+BOS_2026-06-24T19:15:00,2026-06-24T19:15:00,NQ,SHORT,30073.0,29964.12,1,2177.67,1500.0,True,True,OTE+BOS backtest - target,backtest
Layer I_2026-06-25T00:05:00,2026-06-25T00:05:00,NQ,LONG,30070.5,30103.0,1,650.0,1500.0,True,True,Layer I backtest - target,backtest
Layer I_2026-06-25T00:40:00,2026-06-25T00:40:00,NQ,LONG,30106.25,30085.46,1,-415.71,900.0,True,True,Layer I backtest - stop,backtest
Layer I_2026-06-25T01:20:00,2026-06-25T01:20:00,NQ,LONG,30131.0,30111.25,1,-395.0,300.0,True,True,Layer I backtest - stop,backtest
Layer I_2026-06-25T02:15:00,2026-06-25T02:15:00,NQ,LONG,30155.5,30168.0,1,250.0,2700.0,True,True,Layer I backtest - be_stop,backtest
Layer I_2026-06-25T03:20:00,2026-06-25T03:20:00,NQ,LONG,30170.75,30160.0,1,-215.0,600.0,True,True,Layer I backtest - signal_invalidated,backtest
Layer I_2026-06-25T05:30:00,2026-06-25T05:30:00,NQ,LONG,30164.5,30147.93,1,-331.43,600.0,True,True,Layer I backtest - stop,backtest
Layer I_2026-06-28T18:30:00,2026-06-28T18:30:00,NQ,LONG,29664.75,29630.7,1,-681.07,1500.0,True,True,Layer I backtest - stop,backtest
Layer I_2026-06-29T03:00:00,2026-06-29T03:00:00,NQ,LONG,29690.25,29722.75,1,650.0,900.0,True,True,Layer I backtest - target,backtest
Layer I_2026-06-29T03:25:00,2026-06-29T03:25:00,NQ,LONG,29694.75,29688.25,1,-130.0,1200.0,True,True,Layer I backtest - signal_invalidated,backtest
Layer I_2026-06-29T05:30:00,2026-06-29T05:30:00,NQ,LONG,29720.25,29752.75,1,650.0,1800.0,True,True,Layer I backtest - target,backtest
OTE+BOS_2026-06-29T07:35:00,2026-06-29T07:35:00,NQ,SHORT,29682.0,29709.41,1,-548.21,1500.0,True,True,OTE+BOS backtest - stop,backtest
Layer I_2026-06-29T12:05:00,2026-06-29T12:05:00,NQ,LONG,29949.75,29982.25,1,650.0,300.0,True,True,Layer I backtest - target,backtest
Layer I_2026-06-29T12:20:00,2026-06-29T12:20:00,NQ,LONG,29958.5,29991.0,1,650.0,300.0,True,True,Layer I backtest - target,backtest
Layer I_2026-06-29T12:45:00,2026-06-29T12:45:00,NQ,LONG,30021.25,30003.5,1,-355.0,2100.0,True,True,Layer I backtest - signal_invalidated,backtest
OTE+BOS_2026-06-29T13:30:00,2026-06-29T13:30:00,NQ,LONG,30023.0,30035.63,1,252.68,1200.0,True,True,OTE+BOS backtest - be_stop,backtest
Layer I_2026-06-30T00:05:00,2026-06-30T00:05:00,NQ,LONG,30192.75,30170.91,1,-436.79,600.0,True,True,Layer I backtest - stop,backtest
Layer I_2026-06-30T03:15:00,2026-06-30T03:15:00,NQ,SHORT,30091.75,30115.64,1,-477.86,300.0,True,True,Layer I backtest - stop,backtest
Layer I_2026-06-30T03:40:00,2026-06-30T03:40:00,NQ,SHORT,30046.5,30077.04,1,-610.71,1200.0,True,True,Layer I backtest - stop,backtest
OTE+BOS_2026-06-30T15:00:00,2026-06-30T15:00:00,NQ,LONG,30531.0,30502.36,1,-572.86,900.0,True,True,OTE+BOS backtest - stop,backtest
Layer I_2026-07-01T01:00:00,2026-07-01T01:00:00,NQ,SHORT,30415.5,30383.0,1,650.0,1200.0,True,True,Layer I backtest - target,backtest
Layer I_2026-07-01T01:30:00,2026-07-01T01:30:00,NQ,SHORT,30394.75,30414.84,1,-401.79,900.0,True,True,Layer I backtest - stop,backtest
Layer I_2026-07-01T02:05:00,2026-07-01T02:05:00,NQ,SHORT,30353.75,30321.25,1,650.0,600.0,True,True,Layer I backtest - target,backtest
Layer I_2026-07-01T02:25:00,2026-07-01T02:25:00,NQ,SHORT,30350.0,30375.3,1,-506.07,1200.0,True,True,Layer I backtest - stop,backtest
Layer I_2026-07-01T06:05:00,2026-07-01T06:05:00,NQ,LONG,30422.25,30405.34,1,-338.21,900.0,True,True,Layer I backtest - stop,backtest
OTE+BOS_2026-07-01T07:30:00,2026-07-01T07:30:00,NQ,SHORT,30300.0,30287.5,1,250.0,600.0,True,True,OTE+BOS backtest - be_stop,backtest
Layer I_2026-07-01T12:55:00,2026-07-01T12:55:00,NQ,SHORT,30163.75,30184.25,1,-410.0,600.0,True,True,Layer I backtest - signal_invalidated,backtest
Layer I_2026-07-02T01:00:00,2026-07-02T01:00:00,NQ,SHORT,30018.0,29985.5,1,650.0,600.0,True,True,Layer I backtest - target,backtest
Layer I_2026-07-02T01:20:00,2026-07-02T01:20:00,NQ,SHORT,29970.75,30003.12,1,-647.5,600.0,True,True,Layer I backtest - stop,backtest
Layer I_2026-07-02T05:05:00,2026-07-02T05:05:00,NQ,SHORT,29941.5,29949.25,1,-155.0,600.0,True,True,Layer I backtest - signal_invalidated,backtest
Layer I_2026-07-02T06:10:00,2026-07-02T06:10:00,NQ,LONG,30007.0,29979.95,1,-541.07,300.0,True,True,Layer I backtest - stop,backtest
Layer I_2026-07-03T00:05:00,2026-07-03T00:05:00,NQ,LONG,29814.75,29798.11,1,-332.86,900.0,True,True,Layer I backtest - stop,backtest
Layer I_2026-07-03T01:00:00,2026-07-03T01:00:00,NQ,LONG,29858.25,29846.5,1,-235.0,2700.0,True,True,Layer I backtest - signal_invalidated,backtest
OTE+BOS_2026-07-03T03:50:00,2026-07-03T03:50:00,NQ,LONG,29846.0,29827.98,1,-360.36,900.0,True,True,OTE+BOS backtest - stop,backtest
Layer I_2026-07-03T04:15:00,2026-07-03T04:15:00,NQ,LONG,29879.75,29879.5,1,-5.0,1800.0,True,True,Layer I backtest - signal_invalidated,backtest
Layer I_2026-07-05T17:30:00,2026-07-05T17:30:00,NQ,LONG,29952.25,29984.75,1,650.0,2400.0,True,True,Layer I backtest - target,backtest
Layer I_2026-07-05T18:20:00,2026-07-05T18:20:00,NQ,LONG,29980.75,29983.75,1,60.0,2100.0,True,True,Layer I backtest - signal_invalidated,backtest
OTE+BOS_2026-07-06T01:30:00,2026-07-06T01:30:00,NQ,LONG,29818.0,29836.33,1,366.61,1800.0,True,True,OTE+BOS backtest - be_stop,backtest
Layer I_2026-07-06T01:35:00,2026-07-06T01:35:00,NQ,LONG,29840.75,29820.25,1,-410.0,3000.0,True,True,Layer I backtest - signal_invalidated,backtest
Layer I_2026-07-06T04:25:00,2026-07-06T04:25:00,NQ,LONG,29863.5,29845.29,1,-364.29,300.0,True,True,Layer I backtest - stop,backtest
Layer I_2026-07-06T07:15:00,2026-07-06T07:15:00,NQ,LONG,29928.0,29905.27,1,-454.64,300.0,True,True,Layer I backtest - stop,backtest
OTE+BOS_2026-07-06T17:45:00,2026-07-06T17:45:00,NQ,SHORT,29920.5,29908.0,1,250.0,900.0,True,True,OTE+BOS backtest - be_stop,backtest
Layer I_2026-07-07T00:05:00,2026-07-07T00:05:00,NQ,SHORT,29592.0,29559.5,1,650.0,1200.0,True,True,Layer I backtest - target,backtest
Layer I_2026-07-07T06:05:00,2026-07-07T06:05:00,NQ,SHORT,29612.0,29637.82,1,-516.43,600.0,True,True,Layer I backtest - stop,backtest
Layer I_2026-07-07T06:35:00,2026-07-07T06:35:00,NQ,SHORT,29605.0,29629.57,1,-491.43,600.0,True,True,Layer I backtest - stop,backtest
OTE+BOS_2026-07-07T07:15:00,2026-07-07T07:15:00,NQ,SHORT,29676.75,29705.38,1,-572.5,1500.0,True,True,OTE+BOS backtest - stop,backtest
Layer I_2026-07-07T08:20:00,2026-07-07T08:20:00,NQ,SHORT,29608.25,29639.68,1,-628.57,600.0,True,True,Layer I backtest - stop,backtest
Layer I_2026-07-08T00:30:00,2026-07-08T00:30:00,NQ,SHORT,29369.0,29336.5,1,650.0,900.0,True,True,Layer I backtest - target,backtest
Layer I_2026-07-08T01:05:00,2026-07-08T01:05:00,NQ,SHORT,29354.25,29321.75,1,650.0,900.0,True,True,Layer I backtest - target,backtest
Layer I_2026-07-08T01:35:00,2026-07-08T01:35:00,NQ,SHORT,29304.0,29333.55,1,-591.07,900.0,True,True,Layer I backtest - stop,backtest
Layer I_2026-07-08T02:10:00,2026-07-08T02:10:00,NQ,SHORT,29302.5,29305.5,1,-60.0,300.0,True,True,Layer I backtest - signal_invalidated,backtest
Layer I_2026-07-08T14:40:00,2026-07-08T14:40:00,NQ,LONG,29418.25,29383.25,1,-700.0,300.0,True,True,Layer I backtest - stop,backtest
Layer I_2026-07-09T01:10:00,2026-07-09T01:10:00,NQ,LONG,29606.25,29638.75,1,650.0,600.0,True,True,Layer I backtest - target,backtest
Layer I_2026-07-09T01:30:00,2026-07-09T01:30:00,NQ,LONG,29606.0,29612.0,1,120.0,1500.0,True,True,Layer I backtest - signal_invalidated,backtest
Layer I_2026-07-09T02:15:00,2026-07-09T02:15:00,NQ,LONG,29656.0,29688.5,1,650.0,1800.0,True,True,Layer I backtest - target,backtest
Layer I_2026-07-09T02:55:00,2026-07-09T02:55:00,NQ,LONG,29686.25,29718.75,1,650.0,300.0,True,True,Layer I backtest - target,backtest
Layer I_2026-07-09T03:10:00,2026-07-09T03:10:00,NQ,LONG,29705.5,29678.59,1,-538.21,1200.0,True,True,Layer I backtest - stop,backtest
Layer I_2026-07-09T06:05:00,2026-07-09T06:05:00,NQ,SHORT,29587.5,29614.59,1,-541.79,300.0,True,True,Layer I backtest - stop,backtest
OTE+BOS_2026-07-09T08:30:00,2026-07-09T08:30:00,NQ,LONG,29778.75,29842.58,1,1276.61,900.0,True,True,OTE+BOS backtest - be_stop,backtest
OTE+BOS_2026-07-09T12:00:00,2026-07-09T12:00:00,NQ,LONG,29918.25,29976.12,1,1157.32,1800.0,True,True,OTE+BOS backtest - be_stop,backtest
OTE+BOS_2026-07-09T19:00:00,2026-07-09T19:00:00,NQ,SHORT,29907.25,29833.56,1,1473.79,1500.0,True,True,OTE+BOS backtest - target,backtest
Layer I_2026-07-10T01:05:00,2026-07-10T01:05:00,NQ,SHORT,29833.75,29801.25,1,650.0,900.0,True,True,Layer I backtest - target,backtest
Layer I_2026-07-10T01:30:00,2026-07-10T01:30:00,NQ,SHORT,29811.5,29819.5,1,-160.0,1500.0,True,True,Layer I backtest - signal_invalidated,backtest
Layer I_2026-07-10T02:55:00,2026-07-10T02:55:00,NQ,SHORT,29774.0,29793.12,1,-382.5,900.0,True,True,Layer I backtest - stop,backtest
Layer I_2026-07-10T03:30:00,2026-07-10T03:30:00,NQ,SHORT,29772.5,29778.75,1,-125.0,300.0,True,True,Layer I backtest - signal_invalidated,backtest
Layer I_2026-07-12T17:05:00,2026-07-12T17:05:00,NQ,SHORT,29894.25,29861.75,1,650.0,300.0,True,True,Layer I backtest - target,backtest
Layer I_2026-07-12T17:20:00,2026-07-12T17:20:00,NQ,SHORT,29882.25,29888.5,1,-125.0,1800.0,True,True,Layer I backtest - signal_invalidated,backtest
Layer I_2026-07-12T21:55:00,2026-07-12T21:55:00,NQ,SHORT,29717.0,29684.5,1,650.0,1200.0,True,True,Layer I backtest - target,backtest
Layer I_2026-07-12T22:25:00,2026-07-12T22:25:00,NQ,SHORT,29710.0,29722.25,1,-245.0,1200.0,True,True,Layer I backtest - signal_invalidated,backtest
Layer I_2026-07-12T23:05:00,2026-07-12T23:05:00,NQ,SHORT,29658.5,29626.0,1,650.0,2100.0,True,True,Layer I backtest - target,backtest
Layer I_2026-07-12T23:50:00,2026-07-12T23:50:00,NQ,SHORT,29618.75,29638.95,1,-403.93,600.0,True,True,Layer I backtest - stop,backtest
Layer I_2026-07-13T03:20:00,2026-07-13T03:20:00,NQ,LONG,29722.5,29735.0,1,250.0,2400.0,True,True,Layer I backtest - be_stop,backtest
Layer I_2026-07-13T04:20:00,2026-07-13T04:20:00,NQ,LONG,29754.75,29747.25,1,-150.0,2700.0,True,True,Layer I backtest - signal_invalidated,backtest
Layer I_2026-07-13T06:35:00,2026-07-13T06:35:00,NQ,LONG,29785.5,29762.8,1,-453.93,600.0,True,True,Layer I backtest - stop,backtest
Layer I_2026-07-13T07:50:00,2026-07-13T07:50:00,NQ,SHORT,29712.0,29738.93,1,-538.57,600.0,True,True,Layer I backtest - stop,backtest
OTE+BOS_2026-07-13T08:30:00,2026-07-13T08:30:00,NQ,SHORT,29644.75,29535.8,1,2178.99,900.0,True,True,OTE+BOS backtest - target,backtest
OTE+BOS_2026-07-13T19:00:00,2026-07-13T19:00:00,NQ,SHORT,29363.25,29397.12,1,-677.5,600.0,True,True,OTE+BOS backtest - stop,backtest
Layer I_2026-07-14T00:20:00,2026-07-14T00:20:00,NQ,LONG,29587.25,29619.75,1,650.0,600.0,True,True,Layer I backtest - target,backtest
Layer I_2026-07-14T00:40:00,2026-07-14T00:40:00,NQ,LONG,29594.0,29626.5,1,650.0,1800.0,True,True,Layer I backtest - target,backtest
Layer I_2026-07-14T01:20:00,2026-07-14T01:20:00,NQ,LONG,29616.75,29614.75,1,-40.0,900.0,True,True,Layer I backtest - signal_invalidated,backtest
Layer I_2026-07-14T06:20:00,2026-07-14T06:20:00,NQ,LONG,29655.25,29626.32,1,-578.57,900.0,True,True,Layer I backtest - stop,backtest
OTE+BOS_2026-07-14T07:15:00,2026-07-14T07:15:00,NQ,LONG,29608.75,29678.23,1,1389.64,900.0,True,True,OTE+BOS backtest - be_stop,backtest
Layer I_2026-07-14T12:15:00,2026-07-14T12:15:00,NQ,LONG,29835.0,29847.5,1,250.0,2700.0,True,True,Layer I backtest - be_stop,backtest
Layer I_2026-07-14T13:20:00,2026-07-14T13:20:00,NQ,LONG,29855.5,29862.5,1,140.0,600.0,True,True,Layer I backtest - signal_invalidated,backtest
OTE+BOS_2026-07-14T18:20:00,2026-07-14T18:20:00,NQ,LONG,29803.5,29860.09,1,1131.75,300.0,True,True,OTE+BOS backtest - target,backtest
OTE+BOS_2026-07-15T00:30:00,2026-07-15T00:30:00,NQ,LONG,29992.25,30037.23,1,899.64,2100.0,True,True,OTE+BOS backtest - be_stop,backtest
Layer I_2026-07-15T03:05:00,2026-07-15T03:05:00,NQ,SHORT,29927.25,29894.75,1,650.0,900.0,True,True,Layer I backtest - target,backtest
Layer I_2026-07-15T03:30:00,2026-07-15T03:30:00,NQ,SHORT,29909.75,29940.18,1,-608.57,900.0,True,True,Layer I backtest - stop,backtest
Layer I_2026-07-15T05:20:00,2026-07-15T05:20:00,NQ,SHORT,29904.75,29923.68,1,-378.57,1800.0,True,True,Layer I backtest - stop,backtest
Layer I_2026-07-15T07:05:00,2026-07-15T07:05:00,NQ,SHORT,29891.0,29858.5,1,650.0,900.0,True,True,Layer I backtest - target,backtest
OTE+BOS_2026-07-15T07:35:00,2026-07-15T07:35:00,NQ,SHORT,29935.75,29961.93,1,-523.57,300.0,True,True,OTE+BOS backtest - stop,backtest
OTE+BOS_2026-07-15T08:30:00,2026-07-15T08:30:00,NQ,SHORT,29953.0,29825.96,1,2540.83,900.0,True,True,OTE+BOS backtest - target,backtest
Layer I_2026-07-15T15:30:00,2026-07-15T15:30:00,NQ,LONG,29706.75,29739.25,1,650.0,5400.0,True,True,Layer I backtest - target,backtest
OTE+BOS_2026-07-15T19:00:00,2026-07-15T19:00:00,NQ,LONG,29741.5,29713.8,1,-553.93,900.0,True,True,OTE+BOS backtest - stop,backtest
OTE+BOS_2026-07-15T19:15:00,2026-07-15T19:15:00,NQ,SHORT,29696.25,29683.75,1,250.0,900.0,True,True,OTE+BOS backtest - be_stop,backtest
Layer I_2026-07-15T20:25:00,2026-07-15T20:25:00,NQ,SHORT,29605.25,29637.77,1,-650.36,600.0,True,True,Layer I backtest - stop,backtest
OTE+BOS_2026-07-16T01:00:00,2026-07-16T01:00:00,NQ,LONG,29708.5,29676.04,1,-649.29,300.0,True,True,OTE+BOS backtest - stop,backtest
Layer I_2026-07-16T02:15:00,2026-07-16T02:15:00,NQ,SHORT,29624.0,29591.5,1,650.0,900.0,True,True,Layer I backtest - target,backtest
Layer I_2026-07-16T02:40:00,2026-07-16T02:40:00,NQ,SHORT,29570.0,29537.5,1,650.0,1200.0,True,True,Layer I backtest - target,backtest
Layer I_2026-07-16T03:10:00,2026-07-16T03:10:00,NQ,SHORT,29490.5,29520.02,1,-590.36,300.0,True,True,Layer I backtest - stop,backtest
Layer I_2026-07-16T05:00:00,2026-07-16T05:00:00,NQ,SHORT,29540.75,29508.25,1,650.0,2100.0,True,True,Layer I backtest - target,backtest
Layer I_2026-07-16T05:45:00,2026-07-16T05:45:00,NQ,SHORT,29510.25,29537.27,1,-540.36,600.0,True,True,Layer I backtest - stop,backtest
Layer I_2026-07-16T06:15:00,2026-07-16T06:15:00,NQ,SHORT,29455.25,29484.55,1,-586.07,300.0,True,True,Layer I backtest - stop,backtest
Layer I_2026-07-17T00:25:00,2026-07-17T00:25:00,NQ,SHORT,28791.0,28758.5,1,650.0,600.0,True,True,Layer I backtest - target,backtest
Layer I_2026-07-17T00:55:00,2026-07-17T00:55:00,NQ,SHORT,28756.25,28723.75,1,650.0,600.0,True,True,Layer I backtest - target,backtest
Layer I_2026-07-17T02:35:00,2026-07-17T02:35:00,NQ,SHORT,28720.75,28688.25,1,650.0,1200.0,True,True,Layer I backtest - target,backtest
Layer I_2026-07-17T08:20:00,2026-07-17T08:20:00,NQ,SHORT,28599.0,28625.54,1,-530.71,300.0,True,True,Layer I backtest - stop,backtest
Layer I_2026-07-19T23:45:00,2026-07-19T23:45:00,NQ,LONG,28937.25,28913.75,1,-470.0,300.0,True,True,Layer I backtest - signal_invalidated,backtest
Layer I_2026-07-20T01:20:00,2026-07-20T01:20:00,NQ,SHORT,28772.0,28799.46,1,-549.29,1200.0,True,True,Layer I backtest - stop,backtest
Layer I_2026-07-20T04:40:00,2026-07-20T04:40:00,NQ,LONG,28940.75,28973.25,1,650.0,600.0,True,True,Layer I backtest - target,backtest
Layer I_2026-07-20T05:00:00,2026-07-20T05:00:00,NQ,LONG,28944.0,28921.29,1,-454.29,900.0,True,True,Layer I backtest - stop,backtest
Layer I_2026-07-20T05:40:00,2026-07-20T05:40:00,NQ,LONG,28967.25,28969.0,1,35.0,900.0,True,True,Layer I backtest - signal_invalidated,backtest
Layer I_2026-07-20T06:05:00,2026-07-20T06:05:00,NQ,LONG,29003.0,29035.5,1,650.0,1500.0,True,True,Layer I backtest - target,backtest
Layer I_2026-07-20T06:40:00,2026-07-20T06:40:00,NQ,LONG,29087.25,29060.18,1,-541.43,600.0,True,True,Layer I backtest - stop,backtest
OTE+BOS_2026-07-20T08:30:00,2026-07-20T08:30:00,NQ,LONG,29136.5,29149.0,1,250.0,900.0,True,True,OTE+BOS backtest - be_stop,backtest
OTE+BOS_2026-07-20T19:10:00,2026-07-20T19:10:00,NQ,LONG,28736.0,28852.21,1,2324.25,1200.0,True,True,OTE+BOS backtest - target,backtest
Layer I_2026-07-21T01:05:00,2026-07-21T01:05:00,NQ,LONG,29115.0,29147.5,1,650.0,1800.0,True,True,Layer I backtest - target,backtest
Layer I_2026-07-21T01:45:00,2026-07-21T01:45:00,NQ,LONG,29149.25,29127.73,1,-430.36,1500.0,True,True,Layer I backtest - stop,backtest
Layer I_2026-07-21T03:25:00,2026-07-21T03:25:00,NQ,LONG,29168.0,29162.0,1,-120.0,4200.0,True,True,Layer I backtest - signal_invalidated,backtest
OTE+BOS_2026-07-21T08:35:00,2026-07-21T08:35:00,NQ,LONG,29191.0,29157.75,1,-665.0,300.0,True,True,OTE+BOS backtest - stop,backtest
Layer I_2026-07-21T11:50:00,2026-07-21T11:50:00,NQ,LONG,29347.5,29337.5,1,-200.0,2400.0,True,True,Layer I backtest - signal_invalidated,backtest
OTE+BOS_2026-07-21T20:55:00,2026-07-21T20:55:00,NQ,SHORT,29277.25,29264.75,1,250.0,1200.0,True,True,OTE+BOS backtest - be_stop,backtest
Layer I_2026-07-22T00:15:00,2026-07-22T00:15:00,NQ,SHORT,29187.75,29155.25,1,650.0,1200.0,True,True,Layer I backtest - target,backtest
Layer I_2026-07-22T00:45:00,2026-07-22T00:45:00,NQ,SHORT,29155.0,29175.23,1,-404.64,300.0,True,True,Layer I backtest - stop,backtest
Layer I_2026-07-22T01:10:00,2026-07-22T01:10:00,NQ,SHORT,29133.25,29100.75,1,650.0,300.0,True,True,Layer I backtest - target,backtest
Layer I_2026-07-22T01:25:00,2026-07-22T01:25:00,NQ,SHORT,29079.5,29104.23,1,-494.64,600.0,True,True,Layer I backtest - stop,backtest
Layer I_2026-07-22T01:55:00,2026-07-22T01:55:00,NQ,SHORT,29092.75,29060.25,1,650.0,600.0,True,True,Layer I backtest - target,backtest
OTE+BOS_2026-07-22T05:15:00,2026-07-22T05:15:00,NQ,LONG,29129.75,29150.53,1,415.54,900.0,True,True,OTE+BOS backtest - be_stop,backtest
Layer I_2026-07-22T05:45:00,2026-07-22T05:45:00,NQ,LONG,29170.75,29147.04,1,-474.29,900.0,True,True,Layer I backtest - stop,backtest
OTE+BOS_2026-07-22T14:50:00,2026-07-22T14:50:00,NQ,SHORT,29203.75,29191.25,1,250.0,600.0,True,True,OTE+BOS backtest - be_stop,backtest
OTE+BOS_2026-07-23T02:00:00,2026-07-23T02:00:00,NQ,SHORT,29061.75,28961.38,1,2007.31,600.0,True,True,OTE+BOS backtest - target,backtest
Layer I_2026-07-23T02:10:00,2026-07-23T02:10:00,NQ,SHORT,28996.25,29026.98,1,-614.64,600.0,True,True,Layer I backtest - stop,backtest
Layer I_2026-07-23T02:40:00,2026-07-23T02:40:00,NQ,SHORT,28940.5,28972.39,1,-637.86,900.0,True,True,Layer I backtest - stop,backtest
Layer I_2026-07-23T05:10:00,2026-07-23T05:10:00,NQ,SHORT,29043.0,29062.38,1,-387.5,900.0,True,True,Layer I backtest - stop,backtest
OTE+BOS_2026-07-23T20:45:00,2026-07-23T20:45:00,NQ,SHORT,28644.0,28620.71,1,465.89,1500.0,True,True,OTE+BOS backtest - be_stop,backtest
Layer I_2026-07-24T01:05:00,2026-07-24T01:05:00,NQ,SHORT,28517.0,28540.95,1,-478.93,600.0,True,True,Layer I backtest - stop,backtest
Layer I_2026-07-24T01:50:00,2026-07-24T01:50:00,NQ,SHORT,28514.0,28542.21,1,-564.29,300.0,True,True,Layer I backtest - stop,backtest
OTE+BOS_2026-07-24T02:00:00,2026-07-24T02:00:00,NQ,LONG,28574.0,28638.8,1,1296.07,1800.0,True,True,OTE+BOS backtest - be_stop,backtest
Layer I_2026-07-24T02:15:00,2026-07-24T02:15:00,NQ,LONG,28645.5,28611.2,1,-686.07,1500.0,True,True,Layer I backtest - stop,backtest
Layer I_2026-07-26T18:45:00,2026-07-26T18:45:00,NQ,LONG,28691.5,28724.0,1,650.0,600.0,True,True,Layer I backtest - target,backtest
Layer I_2026-07-26T22:50:00,2026-07-26T22:50:00,NQ,SHORT,28609.25,28614.0,1,-95.0,300.0,True,True,Layer I backtest - signal_invalidated,backtest
Layer I_2026-07-26T23:50:00,2026-07-26T23:50:00,NQ,LONG,28660.5,28638.43,1,-441.43,600.0,True,True,Layer I backtest - stop,backtest
Layer I_2026-07-27T00:20:00,2026-07-27T00:20:00,NQ,LONG,28677.75,28710.25,1,650.0,2400.0,True,True,Layer I backtest - target,backtest
Layer I_2026-07-27T01:10:00,2026-07-27T01:10:00,NQ,LONG,28717.25,28701.54,1,-314.29,600.0,True,True,Layer I backtest - stop,backtest
Layer I_2026-07-27T03:45:00,2026-07-27T03:45:00,NQ,LONG,28726.5,28731.5,1,100.0,2100.0,True,True,Layer I backtest - signal_invalidated,backtest
Layer I_2026-07-27T04:45:00,2026-07-27T04:45:00,NQ,LONG,28758.5,28746.25,1,-245.0,900.0,True,True,Layer I backtest - signal_invalidated,backtest
OTE+BOS_2026-07-27T06:00:00,2026-07-27T06:00:00,NQ,SHORT,28722.0,28671.75,1,1004.98,1500.0,True,True,OTE+BOS backtest - target,backtest
Layer I_2026-07-27T06:50:00,2026-07-27T06:50:00,NQ,SHORT,28659.25,28680.3,1,-421.07,600.0,True,True,Layer I backtest - stop,backtest
Layer I_2026-07-27T07:20:00,2026-07-27T07:20:00,NQ,SHORT,28638.0,28662.55,1,-491.07,900.0,True,True,Layer I backtest - stop,backtest
OTE+BOS_2026-07-27T08:15:00,2026-07-27T08:15:00,NQ,SHORT,28641.0,28545.45,1,1910.91,900.0,True,True,OTE+BOS backtest - target,backtest
Layer I_2026-07-28T00:05:00,2026-07-28T00:05:00,NQ,SHORT,27971.75,27939.25,1,650.0,600.0,True,True,Layer I backtest - target,backtest
Layer I_2026-07-28T00:25:00,2026-07-28T00:25:00,NQ,SHORT,27919.5,27887.0,1,650.0,300.0,True,True,Layer I backtest - target,backtest
Layer I_2026-07-28T00:40:00,2026-07-28T00:40:00,NQ,SHORT,27897.25,27922.88,1,-512.5,600.0,True,True,Layer I backtest - stop,backtest
Layer I_2026-07-28T01:10:00,2026-07-28T01:10:00,NQ,SHORT,27844.25,27870.8,1,-531.07,600.0,True,True,Layer I backtest - stop,backtest
Layer I_2026-07-28T03:10:00,2026-07-28T03:10:00,NQ,SHORT,27888.75,27919.02,1,-605.36,300.0,True,True,Layer I backtest - stop,backtest
OTE+BOS_2026-07-28T03:15:00,2026-07-28T03:15:00,NQ,LONG,27961.75,27982.73,1,419.64,900.0,True,True,OTE+BOS backtest - be_stop,backtest
Layer I_2026-07-29T02:05:00,2026-07-29T02:05:00,NQ,LONG,27927.75,27960.25,1,650.0,1500.0,True,True,Layer I backtest - target,backtest
Layer I_2026-07-29T02:40:00,2026-07-29T02:40:00,NQ,LONG,27920.25,27894.75,1,-510.0,600.0,True,True,Layer I backtest - signal_invalidated,backtest
Layer I_2026-07-29T04:25:00,2026-07-29T04:25:00,NQ,LONG,27977.5,28010.0,1,650.0,900.0,True,True,Layer I backtest - target,backtest
Layer I_2026-07-29T04:50:00,2026-07-29T04:50:00,NQ,LONG,28034.0,28003.54,1,-609.29,1500.0,True,True,Layer I backtest - stop,backtest
Layer I_2026-07-30T01:55:00,2026-07-30T01:55:00,NQ,SHORT,27434.25,27462.46,1,-564.29,300.0,True,True,Layer I backtest - stop,backtest
Layer I_2026-07-30T04:20:00,2026-07-30T04:20:00,NQ,LONG,27564.25,27531.73,1,-650.36,2100.0,True,True,Layer I backtest - stop,backtest
Layer I_2026-07-30T05:25:00,2026-07-30T05:25:00,NQ,LONG,27617.75,27650.25,1,650.0,2100.0,True,True,Layer I backtest - target,backtest
Layer I_2026-07-30T06:10:00,2026-07-30T06:10:00,NQ,LONG,27665.75,27698.25,1,650.0,300.0,True,True,Layer I backtest - target,backtest
Layer I_2026-07-30T06:25:00,2026-07-30T06:25:00,NQ,LONG,27715.0,27685.48,1,-590.36,300.0,True,True,Layer I backtest - stop,backtest
Layer I_2026-07-30T06:50:00,2026-07-30T06:50:00,NQ,LONG,27740.0,27706.29,1,-674.29,600.0,True,True,Layer I backtest - stop,backtest
OTE+BOS_2026-07-30T14:00:00,2026-07-30T14:00:00,NQ,LONG,28198.75,28271.96,1,1464.11,1200.0,True,True,OTE+BOS backtest - be_stop,backtest
Layer I_2026-07-31T00:05:00,2026-07-31T00:05:00,NQ,LONG,28563.25,28541.84,1,-428.21,1800.0,True,True,Layer I backtest - stop,backtest
Layer I_2026-07-31T00:55:00,2026-07-31T00:55:00,NQ,LONG,28585.0,28563.55,1,-428.93,2100.0,True,True,Layer I backtest - stop,backtest
OTE+BOS_2026-07-31T01:50:00,2026-07-31T01:50:00,NQ,LONG,28502.25,28472.41,1,-596.79,600.0,True,True,OTE+BOS backtest - stop,backtest
Layer I_2026-07-31T02:55:00,2026-07-31T02:55:00,NQ,LONG,28575.0,28542.95,1,-641.07,300.0,True,True,Layer I backtest - stop,backtest
Layer I_2026-08-02T20:50:00,2026-08-02T20:50:00,NQ,LONG,28632.25,28639.25,1,140.0,900.0,True,True,Layer I backtest - signal_invalidated,backtest
Layer I_2026-08-02T21:15:00,2026-08-02T21:15:00,NQ,LONG,28674.5,28647.88,1,-532.5,600.0,True,True,Layer I backtest - stop,backtest
Layer I_2026-08-02T22:50:00,2026-08-02T22:50:00,NQ,LONG,28692.75,28676.05,1,-333.93,300.0,True,True,Layer I backtest - stop,backtest
Layer I_2026-08-02T23:35:00,2026-08-02T23:35:00,NQ,LONG,28673.5,28659.07,1,-288.57,900.0,True,True,Layer I backtest - stop,backtest
Layer I_2026-08-03T01:50:00,2026-08-03T01:50:00,NQ,SHORT,28596.5,28564.0,1,650.0,600.0,True,True,Layer I backtest - target,backtest
Layer I_2026-08-03T02:10:00,2026-08-03T02:10:00,NQ,SHORT,28617.5,28585.0,1,650.0,300.0,True,True,Layer I backtest - target,backtest
Layer I_2026-08-03T02:40:00,2026-08-03T02:40:00,NQ,SHORT,28564.25,28588.25,1,-480.0,900.0,True,True,Layer I backtest - signal_invalidated,backtest
Layer I_2026-08-03T03:05:00,2026-08-03T03:05:00,NQ,SHORT,28540.0,28507.5,1,650.0,900.0,True,True,Layer I backtest - target,backtest
Layer I_2026-08-03T03:30:00,2026-08-03T03:30:00,NQ,SHORT,28483.25,28513.16,1,-598.21,300.0,True,True,Layer I backtest - stop,backtest
OTE+BOS_2026-08-03T04:00:00,2026-08-03T04:00:00,NQ,SHORT,28570.25,28557.75,1,250.0,3300.0,True,True,OTE+BOS backtest - be_stop,backtest
Layer I_2026-08-03T05:10:00,2026-08-03T05:10:00,NQ,SHORT,28527.25,28494.75,1,650.0,600.0,True,True,Layer I backtest - target,backtest
OTE+BOS_2026-08-03T19:20:00,2026-08-03T19:20:00,NQ,LONG,28913.0,28891.14,1,-437.14,600.0,True,True,OTE+BOS backtest - stop,backtest
Layer I_2026-08-04T00:35:00,2026-08-04T00:35:00,NQ,LONG,29049.75,29082.25,1,650.0,1800.0,True,True,Layer I backtest - target,backtest
Layer I_2026-08-04T01:15:00,2026-08-04T01:15:00,NQ,LONG,29082.25,29061.82,1,-408.57,1200.0,True,True,Layer I backtest - stop,backtest
